observation_id,photo_id,Image_name,medium_url,scientific_name,common_name,quality_grade,uri,taxon_kingdom,taxon_phylum,taxon_class,taxon_order,taxon_family,taxon_genus,taxon_species
33435757,52514997,obs_33435757_photo_52514997,https://inaturalist-open-data.s3.amazonaws.com/photos/52514997/medium.jpeg,Nereididae,Ragworms and Allies,needs_id,https://www.inaturalist.org/observations/33435757,Animalia,Annelida,Polychaeta,Phyllodocida,Nereididae,,
54130547,86113964,obs_54130547_photo_86113964,https://inaturalist-open-data.s3.amazonaws.com/photos/86113964/medium.jpeg,Lumbricidae,Lumbricid Earthworms,needs_id,https://www.inaturalist.org/observations/54130547,Animalia,Annelida,Clitellata,Crassiclitellata,Lumbricidae,,
55364509,88154142,obs_55364509_photo_88154142,https://inaturalist-open-data.s3.amazonaws.com/photos/88154142/medium.jpeg,Haemadipsa trimaculosa,,needs_id,https://www.inaturalist.org/observations/55364509,Animalia,Annelida,Clitellata,Arhynchobdellida,Haemadipsidae,Haemadipsa,Haemadipsa trimaculosa
64497720,103704678,obs_64497720_photo_103704678,https://inaturalist-open-data.s3.amazonaws.com/photos/103704678/medium.jpg,Alitta williami,,research,https://www.inaturalist.org/observations/64497720,Animalia,Annelida,Polychaeta,Phyllodocida,Nereididae,Alitta,Alitta williami
67242178,108590554,obs_67242178_photo_108590554,https://inaturalist-open-data.s3.amazonaws.com/photos/108590554/medium.jpeg,Oligochaeta,Earthworms and Allies,needs_id,https://www.inaturalist.org/observations/67242178,Animalia,Annelida,Clitellata,,,,
70939654,21265481,obs_70939654_photo_21265481,https://inaturalist-open-data.s3.amazonaws.com/photos/21265481/medium.jpeg,Annelida,Segmented Worms,needs_id,https://www.inaturalist.org/observations/70939654,Animalia,Annelida,,,,,
78431515,128226886,obs_78431515_photo_128226886,https://static.inaturalist.org/photos/128226886/medium.jpeg,Haemopis sanguisuga,Horse Leech,research,https://www.inaturalist.org/observations/78431515,Animalia,Annelida,Clitellata,Arhynchobdellida,Haemopidae,Haemopis,Haemopis sanguisuga
94545832,156850036,obs_94545832_photo_156850036,https://inaturalist-open-data.s3.amazonaws.com/photos/156850036/medium.jpg,Urechis caupo,Fat Innkeeper Worm,research,https://www.inaturalist.org/observations/94545832,Animalia,Annelida,Polychaeta,Echiuroidea,Urechidae,Urechis,Urechis caupo
112677160,190337472,obs_112677160_photo_190337472,https://inaturalist-open-data.s3.amazonaws.com/photos/190337472/medium.jpeg,Lumbricus terrestris,Common Earthworm,needs_id,https://www.inaturalist.org/observations/112677160,Animalia,Annelida,Clitellata,Crassiclitellata,Lumbricidae,Lumbricus,Lumbricus terrestris
130480768,70327211,obs_130480768_photo_70327211,https://inaturalist-open-data.s3.amazonaws.com/photos/70327211/medium.jpeg,Hirudo michaelseni,Common African Leech,research,https://www.inaturalist.org/observations/130480768,Animalia,Annelida,Clitellata,Arhynchobdellida,Hirudinidae,Hirudo,Hirudo michaelseni
201496215,355699582,obs_201496215_photo_355699582,https://inaturalist-open-data.s3.amazonaws.com/photos/355699582/medium.jpeg,Crassiclitellata,Typical Earthworms,needs_id,https://www.inaturalist.org/observations/201496215,Animalia,Annelida,Clitellata,Crassiclitellata,,,
608490,767186,obs_608490_photo_767186,https://inaturalist-open-data.s3.amazonaws.com/photos/767186/medium.jpg,Philematium virens,,research,http://www.inaturalist.org/observations/608490,Animalia,Arthropoda,Insecta,Coleoptera,Cerambycidae,Philematium,Philematium virens
613295,773078,obs_613295_photo_773078,https://inaturalist-open-data.s3.amazonaws.com/photos/773078/medium.jpg,Pedinorrhina trivittata,Yellowheart Fruit Chafer,research,http://www.inaturalist.org/observations/613295,Animalia,Arthropoda,Insecta,Coleoptera,Scarabaeidae,Pedinorrhina,Pedinorrhina trivittata
613368,773134,obs_613368_photo_773134,https://inaturalist-open-data.s3.amazonaws.com/photos/773134/medium.jpg,Papilio nireus,Narrow Green-banded Swallowtail,research,http://www.inaturalist.org/observations/613368,Animalia,Arthropoda,Insecta,Lepidoptera,Papilionidae,Papilio,Papilio nireus
762178,958265,obs_762178_photo_958265,https://inaturalist-open-data.s3.amazonaws.com/photos/958265/medium.jpg,Diaphone,Cherry Spots,needs_id,http://www.inaturalist.org/observations/762178,Animalia,Arthropoda,Insecta,Lepidoptera,Noctuidae,Diaphone,
768014,965261,obs_768014_photo_965261,https://inaturalist-open-data.s3.amazonaws.com/photos/965261/medium.jpg,Glossina,Tsetse flies,needs_id,http://www.inaturalist.org/observations/768014,Animalia,Arthropoda,Insecta,Diptera,Glossinidae,Glossina,
768088,965274,obs_768088_photo_965274,https://inaturalist-open-data.s3.amazonaws.com/photos/965274/medium.jpg,Palparini,,needs_id,http://www.inaturalist.org/observations/768088,Animalia,Arthropoda,Insecta,Neuroptera,Myrmeleontidae,,
785661,987151,obs_785661_photo_987151,https://inaturalist-open-data.s3.amazonaws.com/photos/987151/medium.jpg,Salticidae,Jumping Spiders,needs_id,http://www.inaturalist.org/observations/785661,Animalia,Arthropoda,Arachnida,Araneae,Salticidae,,
855273,1084105,obs_855273_photo_1084105,https://inaturalist-open-data.s3.amazonaws.com/photos/1084105/medium.jpg,Zizeeria knysna,African Grass Blue,research,http://www.inaturalist.org/observations/855273,Animalia,Arthropoda,Insecta,Lepidoptera,Lycaenidae,Zizeeria,Zizeeria knysna
855282,1084115,obs_855282_photo_1084115,https://inaturalist-open-data.s3.amazonaws.com/photos/1084115/medium.jpg,Stenodacma wahlbergi,,research,http://www.inaturalist.org/observations/855282,Animalia,Arthropoda,Insecta,Lepidoptera,Pterophoridae,Stenodacma,Stenodacma wahlbergi
859795,1090771,obs_859795_photo_1090771,https://inaturalist-open-data.s3.amazonaws.com/photos/1090771/medium.jpg,Acada biseriata,Axehead Skipper,research,http://www.inaturalist.org/observations/859795,Animalia,Arthropoda,Insecta,Lepidoptera,Hesperiidae,Acada,Acada biseriata
859818,1090799,obs_859818_photo_1090799,https://inaturalist-open-data.s3.amazonaws.com/photos/1090799/medium.jpg,Gonia,Cutworm Flies,needs_id,http://www.inaturalist.org/observations/859818,Animalia,Arthropoda,Insecta,Diptera,Tachinidae,Gonia,
890705,1131787,obs_890705_photo_1131787,https://inaturalist-open-data.s3.amazonaws.com/photos/1131787/medium.jpg,Philoliche rubramarginata,Redflank Needlenose Fly,research,http://www.inaturalist.org/observations/890705,Animalia,Arthropoda,Insecta,Diptera,Tabanidae,Philoliche,Philoliche rubramarginata
890716,1131809,obs_890716_photo_1131809,https://inaturalist-open-data.s3.amazonaws.com/photos/1131809/medium.jpg,Tabanidae,Horse and Deer Flies,needs_id,http://www.inaturalist.org/observations/890716,Animalia,Arthropoda,Insecta,Diptera,Tabanidae,,
913990,1166084,obs_913990_photo_1166084,https://inaturalist-open-data.s3.amazonaws.com/photos/1166084/medium.jpg,Anthophorini,Digger Bees,needs_id,http://www.inaturalist.org/observations/913990,Animalia,Arthropoda,Insecta,Hymenoptera,Apidae,,
913998,1166095,obs_913998_photo_1166095,https://inaturalist-open-data.s3.amazonaws.com/photos/1166095/medium.jpg,Quartinia,,needs_id,http://www.inaturalist.org/observations/913998,Animalia,Arthropoda,Insecta,Hymenoptera,Vespidae,Quartinia,
1055931,1324289,obs_1055931_photo_1324289,https://inaturalist-open-data.s3.amazonaws.com/photos/1324289/medium.jpg,Anthomyia,,needs_id,http://www.inaturalist.org/observations/1055931,Animalia,Arthropoda,Insecta,Diptera,Anthomyiidae,Anthomyia,
1068463,1339369,obs_1068463_photo_1339369,https://inaturalist-open-data.s3.amazonaws.com/photos/1339369/medium.jpg,Insignorthezia insignis,Greenhouse Orthezia,research,http://www.inaturalist.org/observations/1068463,Animalia,Arthropoda,Insecta,Hemiptera,Ortheziidae,Insignorthezia,Insignorthezia insignis
1120591,1407773,obs_1120591_photo_1407773,https://inaturalist-open-data.s3.amazonaws.com/photos/1407773/medium.jpg,Mausoleopsis amabilis interrupta,Savanna White-spotted Fruit Chafer,research,http://www.inaturalist.org/observations/1120591,Animalia,Arthropoda,Insecta,Coleoptera,Scarabaeidae,Mausoleopsis,Mausoleopsis amabilis
1133892,1425797,obs_1133892_photo_1425797,https://inaturalist-open-data.s3.amazonaws.com/photos/1425797/medium.jpg,Arniocera erythropyga,Fire Grid Burnet,research,http://www.inaturalist.org/observations/1133892,Animalia,Arthropoda,Insecta,Lepidoptera,Thyrididae,Arniocera,Arniocera erythropyga
1133932,1425846,obs_1133932_photo_1425846,https://inaturalist-open-data.s3.amazonaws.com/photos/1425846/medium.jpg,Anthribinae,,needs_id,http://www.inaturalist.org/observations/1133932,Animalia,Arthropoda,Insecta,Coleoptera,Anthribidae,,
1135272,1427749,obs_1135272_photo_1427749,https://inaturalist-open-data.s3.amazonaws.com/photos/1427749/medium.jpg,Tabanus taeniola,,research,http://www.inaturalist.org/observations/1135272,Animalia,Arthropoda,Insecta,Diptera,Tabanidae,Tabanus,Tabanus taeniola
158540087,273987410,obs_158540087_photo_273987410,https://inaturalist-open-data.s3.amazonaws.com/photos/273987410/medium.jpeg,Ophiocordyceps humbertii,,research,https://www.inaturalist.org/observations/158540087,Fungi,Ascomycota,Sordariomycetes,Hypocreales,Ophiocordycipitaceae,Ophiocordyceps,Ophiocordyceps humbertii
196330872,346192098,obs_196330872_photo_346192098,https://inaturalist-open-data.s3.amazonaws.com/photos/346192098/medium.jpg,Tolypocladium,,needs_id,https://www.inaturalist.org/observations/196330872,Fungi,Ascomycota,Sordariomycetes,Hypocreales,Ophiocordycipitaceae,Tolypocladium,
196670458,346191865,obs_196670458_photo_346191865,https://inaturalist-open-data.s3.amazonaws.com/photos/346191865/medium.jpg,Elaphomyces,,needs_id,https://www.inaturalist.org/observations/196670458,Fungi,Ascomycota,Eurotiomycetes,Eurotiales,Elaphomycetaceae,Elaphomyces,
237464244,422619154,obs_237464244_photo_422619154,https://inaturalist-open-data.s3.amazonaws.com/photos/422619154/medium.jpeg,Pseudocercospora,,needs_id,https://www.inaturalist.org/observations/237464244,Fungi,Ascomycota,Dothideomycetes,Mycosphaerellales,Mycosphaerellaceae,Pseudocercospora,
240919750,429301377,obs_240919750_photo_429301377,https://static.inaturalist.org/photos/429301377/medium.jpeg,Phyllosticta asiminae,,research,https://www.inaturalist.org/observations/240919750,Fungi,Ascomycota,Dothideomycetes,Botryosphaeriales,Phyllostictaceae,Phyllosticta,Phyllosticta asiminae
259827808,466497337,obs_259827808_photo_466497337,https://inaturalist-open-data.s3.amazonaws.com/photos/466497337/medium.jpg,Dothiorella,,needs_id,https://www.inaturalist.org/observations/259827808,Fungi,Ascomycota,Dothideomycetes,Botryosphaeriales,Botryosphaeriaceae,Dothiorella,
265566924,477032615,obs_265566924_photo_477032615,https://inaturalist-open-data.s3.amazonaws.com/photos/477032615/medium.jpg,Podosphaera cunningtonii,,needs_id,https://www.inaturalist.org/observations/265566924,Fungi,Ascomycota,Leotiomycetes,Helotiales,Erysiphaceae,Podosphaera,Podosphaera cunningtonii
265572849,477040617,obs_265572849_photo_477040617,https://inaturalist-open-data.s3.amazonaws.com/photos/477040617/medium.jpeg,Golovinomyces bolayi,,research,https://www.inaturalist.org/observations/265572849,Fungi,Ascomycota,Leotiomycetes,Helotiales,Erysiphaceae,Golovinomyces,Golovinomyces bolayi
265640762,477174548,obs_265640762_photo_477174548,https://inaturalist-open-data.s3.amazonaws.com/photos/477174548/medium.jpeg,Brasiliomyces malachrae,,needs_id,https://www.inaturalist.org/observations/265640762,Fungi,Ascomycota,Leotiomycetes,Helotiales,Erysiphaceae,Brasiliomyces,Brasiliomyces malachrae
266997708,479763789,obs_266997708_photo_479763789,https://inaturalist-open-data.s3.amazonaws.com/photos/479763789/medium.jpg,Cercospora pittospori,,needs_id,https://www.inaturalist.org/observations/266997708,Fungi,Ascomycota,Dothideomycetes,Mycosphaerellales,Mycosphaerellaceae,Cercospora,Cercospora pittospori
266997709,479761706,obs_266997709_photo_479761706,https://inaturalist-open-data.s3.amazonaws.com/photos/479761706/medium.jpg,Erysiphe australiana,Crape Myrtle Mildew,research,https://www.inaturalist.org/observations/266997709,Fungi,Ascomycota,Leotiomycetes,Helotiales,Erysiphaceae,Erysiphe,Erysiphe australiana
268665319,482954075,obs_268665319_photo_482954075,https://inaturalist-open-data.s3.amazonaws.com/photos/482954075/medium.jpeg,Phyllachora,,needs_id,https://www.inaturalist.org/observations/268665319,Fungi,Ascomycota,Sordariomycetes,Phyllachorales,Phyllachoraceae,Phyllachora,
269181804,483954465,obs_269181804_photo_483954465,https://static.inaturalist.org/photos/483954465/medium.jpg,Morchella,true morels,needs_id,https://www.inaturalist.org/observations/269181804,Fungi,Ascomycota,Pezizomycetes,Pezizales,Morchellaceae,Morchella,
270933734,487302713,obs_270933734_photo_487302713,https://inaturalist-open-data.s3.amazonaws.com/photos/487302713/medium.jpg,Phyllostictaceae,,needs_id,https://www.inaturalist.org/observations/270933734,Fungi,Ascomycota,Dothideomycetes,Botryosphaeriales,Phyllostictaceae,,
279311227,501548575,obs_279311227_photo_501548575,https://inaturalist-open-data.s3.amazonaws.com/photos/501548575/medium.jpeg,Erysiphaceae,Powdery Mildews,needs_id,https://www.inaturalist.org/observations/279311227,Fungi,Ascomycota,Leotiomycetes,Helotiales,Erysiphaceae,,
10041811,13816548,obs_10041811_photo_13816548,https://inaturalist-open-data.s3.amazonaws.com/photos/13816548/medium.jpg,Auricularia,Wood ear fungi,needs_id,https://www.inaturalist.org/observations/10041811,Fungi,Basidiomycota,Agaricomycetes,Auriculariales,Auriculariaceae,Auricularia,
17397637,26432327,obs_17397637_photo_26432327,https://inaturalist-open-data.s3.amazonaws.com/photos/26432327/medium.jpeg,Russula brevipes,Short-stemmed Russula,needs_id,https://www.inaturalist.org/observations/17397637,Fungi,Basidiomycota,Agaricomycetes,Russulales,Russulaceae,Russula,Russula brevipes
59536612,95135384,obs_59536612_photo_95135384,https://inaturalist-open-data.s3.amazonaws.com/photos/95135384/medium.jpg,Pleurotus,Oyster Mushrooms,needs_id,https://www.inaturalist.org/observations/59536612,Fungi,Basidiomycota,Agaricomycetes,Agaricales,Pleurotaceae,Pleurotus,
84804335,139427301,obs_84804335_photo_139427301,https://inaturalist-open-data.s3.amazonaws.com/photos/139427301/medium.jpeg,Allodus podophylli,Mayapple Rust,research,https://www.inaturalist.org/observations/84804335,Fungi,Basidiomycota,Pucciniomycetes,Pucciniales,,Allodus,Allodus podophylli
92804813,153716790,obs_92804813_photo_153716790,https://inaturalist-open-data.s3.amazonaws.com/photos/153716790/medium.jpg,Desarmillaria caespitosa,Ringless Honey Mushroom,needs_id,https://www.inaturalist.org/observations/92804813,Fungi,Basidiomycota,Agaricomycetes,Agaricales,Physalacriaceae,Desarmillaria,Desarmillaria caespitosa
101993570,170411108,obs_101993570_photo_170411108,https://inaturalist-open-data.s3.amazonaws.com/photos/170411108/medium.jpg,Agaricus,field and button mushrooms,needs_id,https://www.inaturalist.org/observations/101993570,Fungi,Basidiomycota,Agaricomycetes,Agaricales,Agaricaceae,Agaricus,
105116439,176295370,obs_105116439_photo_176295370,https://inaturalist-open-data.s3.amazonaws.com/photos/176295370/medium.jpeg,Hypholoma,,needs_id,https://www.inaturalist.org/observations/105116439,Fungi,Basidiomycota,Agaricomycetes,Agaricales,Strophariaceae,Hypholoma,
111640280,188484692,obs_111640280_photo_188484692,https://inaturalist-open-data.s3.amazonaws.com/photos/188484692/medium.jpg,Agaricomycetes,"mushrooms, bracket fungi, puffballs, and allies",needs_id,https://www.inaturalist.org/observations/111640280,Fungi,Basidiomycota,Agaricomycetes,,,,
115944573,195682488,obs_115944573_photo_195682488,https://inaturalist-open-data.s3.amazonaws.com/photos/195682488/medium.jpeg,Cerioporus squamosus,Dryad's Saddle,research,https://www.inaturalist.org/observations/115944573,Fungi,Basidiomycota,Agaricomycetes,Polyporales,Polyporaceae,Cerioporus,Cerioporus squamosus
115973320,195731919,obs_115973320_photo_195731919,https://inaturalist-open-data.s3.amazonaws.com/photos/195731919/medium.jpeg,Agaricales,Common Gilled Mushrooms and Allies,casual,https://www.inaturalist.org/observations/115973320,Fungi,Basidiomycota,Agaricomycetes,Agaricales,,,
145358980,249659505,obs_145358980_photo_249659505,https://inaturalist-open-data.s3.amazonaws.com/photos/249659505/medium.jpeg,Polyporales,shelf fungi,needs_id,https://www.inaturalist.org/observations/145358980,Fungi,Basidiomycota,Agaricomycetes,Polyporales,,,
165338702,205666783,obs_165338702_photo_205666783,https://inaturalist-open-data.s3.amazonaws.com/photos/205666783/medium.jpg,Psathyrellaceae,Brittlestems and Allies,needs_id,https://www.inaturalist.org/observations/165338702,Fungi,Basidiomycota,Agaricomycetes,Agaricales,Psathyrellaceae,,
184932586,322881815,obs_184932586_photo_322881815,https://inaturalist-open-data.s3.amazonaws.com/photos/322881815/medium.jpg,Coprinopsis lagopus,hare's foot inkcap,research,https://www.inaturalist.org/observations/184932586,Fungi,Basidiomycota,Agaricomycetes,Agaricales,Psathyrellaceae,Coprinopsis,Coprinopsis lagopus
187837314,328585534,obs_187837314_photo_328585534,https://static.inaturalist.org/photos/328585534/medium.jpg,Trametes betulina,Gilled Polypore,research,https://www.inaturalist.org/observations/187837314,Fungi,Basidiomycota,Agaricomycetes,Polyporales,Polyporaceae,Trametes,Trametes betulina
187942286,328787662,obs_187942286_photo_328787662,https://static.inaturalist.org/photos/328787662/medium.jpg,Picipes badius,Bay Polypore,research,https://www.inaturalist.org/observations/187942286,Fungi,Basidiomycota,Agaricomycetes,Polyporales,Polyporaceae,Picipes,Picipes badius
188623382,330189351,obs_188623382_photo_330189351,https://inaturalist-open-data.s3.amazonaws.com/photos/330189351/medium.jpeg,Clathrus archeri,devil's-fingers,needs_id,https://www.inaturalist.org/observations/188623382,Fungi,Basidiomycota,Agaricomycetes,Phallales,Clathraceae,Clathrus,Clathrus archeri
192308778,337565887,obs_192308778_photo_337565887,https://inaturalist-open-data.s3.amazonaws.com/photos/337565887/medium.jpeg,Laetiporus gilbertsonii,Western Hardwood Sulphur Shelf,research,https://www.inaturalist.org/observations/192308778,Fungi,Basidiomycota,Agaricomycetes,Polyporales,Laetiporaceae,Laetiporus,Laetiporus gilbertsonii
199145435,351146791,obs_199145435_photo_351146791,https://static.inaturalist.org/photos/351146791/medium.jpeg,Pholiota polychroa,,research,https://www.inaturalist.org/observations/199145435,Fungi,Basidiomycota,Agaricomycetes,Agaricales,Strophariaceae,Pholiota,Pholiota polychroa
218648707,386921148,obs_218648707_photo_386921148,https://inaturalist-open-data.s3.amazonaws.com/photos/386921148/medium.jpg,Stereum ochraceoflavum,,research,https://www.inaturalist.org/observations/218648707,Fungi,Basidiomycota,Agaricomycetes,Russulales,Stereaceae,Stereum,Stereum ochraceoflavum
234223527,416351900,obs_234223527_photo_416351900,https://inaturalist-open-data.s3.amazonaws.com/photos/416351900/medium.jpeg,Xeromphalina,,needs_id,https://www.inaturalist.org/observations/234223527,Fungi,Basidiomycota,Agaricomycetes,Agaricales,Xeromphalinaceae,Xeromphalina,
240344179,428622047,obs_240344179_photo_428622047,https://static.inaturalist.org/photos/428622047/medium.jpeg,Phylloporia amplectens,Pawpaw Polypore,research,https://www.inaturalist.org/observations/240344179,Fungi,Basidiomycota,Agaricomycetes,Hymenochaetales,Hymenochaetaceae,Phylloporia,Phylloporia amplectens
63701886,102279996,obs_63701886_photo_102279996,https://inaturalist-open-data.s3.amazonaws.com/photos/102279996/medium.jpeg,Bryopsida,joint-toothed mosses,needs_id,https://www.inaturalist.org/observations/63701886,Plantae,Bryophyta,Bryopsida,,,,
10686,22224,obs_10686_photo_22224,https://static.inaturalist.org/photos/22224/medium.JPG,Mus musculus,House Mouse,research,http://www.inaturalist.org/observations/10686,Animalia,Chordata,Mammalia,Rodentia,Muridae,Mus,Mus musculus
338604,421440,obs_338604_photo_421440,https://inaturalist-open-data.s3.amazonaws.com/photos/421440/medium.jpg,Geococcyx californianus,Greater Roadrunner,research,http://conabio.inaturalist.org/observations/338604,Animalia,Chordata,Aves,Cuculiformes,Cuculidae,Geococcyx,Geococcyx californianus
414645,521779,obs_414645_photo_521779,https://inaturalist-open-data.s3.amazonaws.com/photos/521779/medium.jpg,Lycophidion capense,Cape Wolf Snake,research,http://www.inaturalist.org/observations/414645,Animalia,Chordata,Reptilia,Squamata,Lamprophiidae,Lycophidion,Lycophidion capense
414707,521820,obs_414707_photo_521820,https://inaturalist-open-data.s3.amazonaws.com/photos/521820/medium.jpg,Mochlus sundevallii,Sundevall's Writhing Skink,research,http://www.inaturalist.org/observations/414707,Animalia,Chordata,Reptilia,Squamata,Scincidae,Mochlus,Mochlus sundevallii
420386,529902,obs_420386_photo_529902,https://inaturalist-open-data.s3.amazonaws.com/photos/529902/medium.jpg,Lampropeltis getula,Eastern Kingsnake,research,http://www.inaturalist.org/observations/420386,Animalia,Chordata,Reptilia,Squamata,Colubridae,Lampropeltis,Lampropeltis getula
424251,534568,obs_424251_photo_534568,https://inaturalist-open-data.s3.amazonaws.com/photos/534568/medium.jpg,Hemidactylus turcicus,Mediterranean House Gecko,research,http://www.inaturalist.org/observations/424251,Animalia,Chordata,Reptilia,Squamata,Gekkonidae,Hemidactylus,Hemidactylus turcicus
465679,587403,obs_465679_photo_587403,https://inaturalist-open-data.s3.amazonaws.com/photos/587403/medium.jpg,Aonyx capensis capensis,Cape Clawless Otter,research,http://www.inaturalist.org/observations/465679,Animalia,Chordata,Mammalia,Carnivora,Mustelidae,Aonyx,Aonyx capensis
503139,640325,obs_503139_photo_640325,https://inaturalist-open-data.s3.amazonaws.com/photos/640325/medium.jpg,Psammophis subtaeniatus,Stripe-bellied Sand Snake,research,http://www.inaturalist.org/observations/503139,Animalia,Chordata,Reptilia,Squamata,Psammophiidae,Psammophis,Psammophis subtaeniatus
509046,649315,obs_509046_photo_649315,https://inaturalist-open-data.s3.amazonaws.com/photos/649315/medium.jpg,Dendroaspis polylepis,Black Mamba,research,http://www.inaturalist.org/observations/509046,Animalia,Chordata,Reptilia,Squamata,Elapidae,Dendroaspis,Dendroaspis polylepis
518909,661138,obs_518909_photo_661138,https://inaturalist-open-data.s3.amazonaws.com/photos/661138/medium.JPG,Chamaeleo namaquensis,Namaqua Chameleon,research,http://www.inaturalist.org/observations/518909,Animalia,Chordata,Reptilia,Squamata,Chamaeleonidae,Chamaeleo,Chamaeleo namaquensis
746116,938004,obs_746116_photo_938004,https://inaturalist-open-data.s3.amazonaws.com/photos/938004/medium.jpg,Tockus rufirostris,Southern Red-billed Hornbill,research,http://www.inaturalist.org/observations/746116,Animalia,Chordata,Aves,Bucerotiformes,Bucerotidae,Tockus,Tockus rufirostris
770998,968318,obs_770998_photo_968318,https://static.inaturalist.org/photos/968318/medium.jpg,Pantherophis spiloides,Gray Ratsnake,research,http://www.inaturalist.org/observations/770998,Animalia,Chordata,Reptilia,Squamata,Colubridae,Pantherophis,Pantherophis spiloides
843690,1068150,obs_843690_photo_1068150,https://inaturalist-open-data.s3.amazonaws.com/photos/1068150/medium.JPG,Hippopotamus amphibius,Common Hippopotamus,research,http://www.inaturalist.org/observations/843690,Animalia,Chordata,Mammalia,Artiodactyla,Hippopotamidae,Hippopotamus,Hippopotamus amphibius
893936,1136774,obs_893936_photo_1136774,https://inaturalist-open-data.s3.amazonaws.com/photos/1136774/medium.jpg,Lycaon pictus pictus,Cape Wild Dog,research,http://www.inaturalist.org/observations/893936,Animalia,Chordata,Mammalia,Carnivora,Canidae,Lycaon,Lycaon pictus
894002,1136901,obs_894002_photo_1136901,https://inaturalist-open-data.s3.amazonaws.com/photos/1136901/medium.jpg,Necrosyrtes monachus,Hooded Vulture,research,http://www.inaturalist.org/observations/894002,Animalia,Chordata,Aves,Accipitriformes,Accipitridae,Necrosyrtes,Necrosyrtes monachus
1031674,1294252,obs_1031674_photo_1294252,https://inaturalist-open-data.s3.amazonaws.com/photos/1294252/medium.jpg,Hippotragus niger niger,Southern Sable Antelope,research,http://www.inaturalist.org/observations/1031674,Animalia,Chordata,Mammalia,Artiodactyla,Bovidae,Hippotragus,Hippotragus niger
1031679,1294271,obs_1031679_photo_1294271,https://inaturalist-open-data.s3.amazonaws.com/photos/1294271/medium.jpg,Panthera leo melanochaita,Southern Lion,research,http://www.inaturalist.org/observations/1031679,Animalia,Chordata,Mammalia,Carnivora,Felidae,Panthera,Panthera leo
1031728,447010704,obs_1031728_photo_447010704,https://inaturalist-open-data.s3.amazonaws.com/photos/447010704/medium.jpg,Kobus ellipsiprymnus,Waterbuck,research,http://www.inaturalist.org/observations/1031728,Animalia,Chordata,Mammalia,Artiodactyla,Bovidae,Kobus,Kobus ellipsiprymnus
1059442,1328444,obs_1059442_photo_1328444,https://inaturalist-open-data.s3.amazonaws.com/photos/1328444/medium.jpg,Syncerus caffer caffer,Cape Buffalo,research,http://www.inaturalist.org/observations/1059442,Animalia,Chordata,Mammalia,Artiodactyla,Bovidae,Syncerus,Syncerus caffer
1068273,1339178,obs_1068273_photo_1339178,https://inaturalist-open-data.s3.amazonaws.com/photos/1339178/medium.jpg,Gyps rueppelli,Rüppell's Griffon,research,http://www.inaturalist.org/observations/1068273,Animalia,Chordata,Aves,Accipitriformes,Accipitridae,Gyps,Gyps rueppelli
1207646,1525519,obs_1207646_photo_1525519,https://inaturalist-open-data.s3.amazonaws.com/photos/1525519/medium.jpg,Acinonyx jubatus jubatus,Southern and Eastern African Cheetah,research,http://www.inaturalist.org/observations/1207646,Animalia,Chordata,Mammalia,Carnivora,Felidae,Acinonyx,Acinonyx jubatus
265204528,476322668,obs_265204528_photo_476322668,https://inaturalist-open-data.s3.amazonaws.com/photos/476322668/medium.jpg,Paramecium bursaria,,needs_id,https://www.inaturalist.org/observations/265204528,Chromista,Ciliophora,Oligohymenophorea,Peniculida,Parameciidae,Paramecium,
13376692,19611761,obs_13376692_photo_19611761,https://inaturalist-open-data.s3.amazonaws.com/photos/19611761/medium.jpg,Anthopleura elegantissima,Aggregating Anemone,research,https://www.inaturalist.org/observations/13376692,Animalia,Cnidaria,Anthozoa,Actiniaria,Actiniidae,Anthopleura,Anthopleura elegantissima
194795499,341224314,obs_194795499_photo_341224314,https://inaturalist-open-data.s3.amazonaws.com/photos/341224314/medium.png,Urticina columbiana,Sand Rose Anemone,research,https://www.inaturalist.org/observations/194795499,Animalia,Cnidaria,Anthozoa,Actiniaria,Actiniidae,Urticina,Urticina columbiana
201444841,355603656,obs_201444841_photo_355603656,https://static.inaturalist.org/photos/355603656/medium.jpeg,Velella velella,By-the-wind Sailor,research,https://www.inaturalist.org/observations/201444841,Animalia,Cnidaria,Hydrozoa,Anthoathecata,Porpitidae,Velella,Velella velella
209619780,358317954,obs_209619780_photo_358317954,https://inaturalist-open-data.s3.amazonaws.com/photos/358317954/medium.jpeg,Cerianthidae,,needs_id,https://www.inaturalist.org/observations/209619780,Animalia,Cnidaria,Anthozoa,Spirularia,Cerianthidae,,
10317797,14298032,obs_10317797_photo_14298032,https://inaturalist-open-data.s3.amazonaws.com/photos/14298032/medium.jpg,Dermasterias imbricata,Leather Star,research,https://www.inaturalist.org/observations/10317797,Animalia,Echinodermata,Asteroidea,Valvatida,Asteropseidae,Dermasterias,Dermasterias imbricata
131953321,224633498,obs_131953321_photo_224633498,https://inaturalist-open-data.s3.amazonaws.com/photos/224633498/medium.jpeg,Evasterias troschelii,Mottled Star,research,https://www.inaturalist.org/observations/131953321,Animalia,Echinodermata,Asteroidea,Forcipulatida,Asteriidae,Evasterias,Evasterias troschelii
138339520,236424624,obs_138339520_photo_236424624,https://inaturalist-open-data.s3.amazonaws.com/photos/236424624/medium.jpeg,Pisaster ochraceus,Ochre Sea Star,research,https://www.inaturalist.org/observations/138339520,Animalia,Echinodermata,Asteroidea,Forcipulatida,Asteriidae,Pisaster,Pisaster ochraceus
220822650,391000325,obs_220822650_photo_391000325,https://inaturalist-open-data.s3.amazonaws.com/photos/391000325/medium.jpeg,Cucumaria miniata,Orange Sea Cucumber,research,https://www.inaturalist.org/observations/220822650,Animalia,Echinodermata,Holothuroidea,Dendrochirotida,Cucumariidae,Cucumaria,Cucumaria miniata
231347606,410882600,obs_231347606_photo_410882600,https://inaturalist-open-data.s3.amazonaws.com/photos/410882600/medium.jpeg,Asteriidae,Asteriid Sea Stars,needs_id,https://www.inaturalist.org/observations/231347606,Animalia,Echinodermata,Asteroidea,Forcipulatida,Asteriidae,,
232490674,413182783,obs_232490674_photo_413182783,https://inaturalist-open-data.s3.amazonaws.com/photos/413182783/medium.jpg,Asterias rubens,Common Sea Star,research,https://www.inaturalist.org/observations/232490674,Animalia,Echinodermata,Asteroidea,Forcipulatida,Asteriidae,Asterias,Asterias rubens
254357079,455520435,obs_254357079_photo_455520435,https://inaturalist-open-data.s3.amazonaws.com/photos/455520435/medium.jpeg,Strongylocentrotus purpuratus,Pacific Purple Sea Urchin,research,https://www.inaturalist.org/observations/254357079,Animalia,Echinodermata,Echinoidea,Camarodonta,Strongylocentrotidae,Strongylocentrotus,Strongylocentrotus purpuratus
254253124,455372675,obs_254253124_photo_455372675,https://inaturalist-open-data.s3.amazonaws.com/photos/455372675/medium.jpeg,Ophryocystis elektroscirrha,,needs_id,https://www.inaturalist.org/observations/254253124,Chromista,Miozoa,Conoidasida,Neogregarinorida,,Ophryocystis,Ophryocystis elektroscirrha
4977021,6076028,obs_4977021_photo_6076028,https://inaturalist-open-data.s3.amazonaws.com/photos/6076028/medium.jpg,Octopus tetricus,Common Sydney Octopus,research,https://www.inaturalist.org/observations/4977021,Animalia,Mollusca,Cephalopoda,Octopoda,Octopodidae,Octopus,Octopus tetricus
10029654,13795670,obs_10029654_photo_13795670,https://inaturalist-open-data.s3.amazonaws.com/photos/13795670/medium.jpg,Trochonanina,,needs_id,https://www.inaturalist.org/observations/10029654,Animalia,Mollusca,Gastropoda,Stylommatophora,Urocyclidae,Trochonanina,
10042362,13817684,obs_10042362_photo_13817684,https://inaturalist-open-data.s3.amazonaws.com/photos/13817684/medium.jpg,Polytoxon robustum,,research,https://www.inaturalist.org/observations/10042362,Animalia,Mollusca,Gastropoda,Stylommatophora,Urocyclidae,Polytoxon,Polytoxon robustum
13339379,19546255,obs_13339379_photo_19546255,https://inaturalist-open-data.s3.amazonaws.com/photos/19546255/medium.jpg,Philomycus togatus,Toga Mantleslug,research,https://www.inaturalist.org/observations/13339379,Animalia,Mollusca,Gastropoda,Stylommatophora,Philomycidae,Philomycus,Philomycus togatus
13466689,19770562,obs_13466689_photo_19770562,https://inaturalist-open-data.s3.amazonaws.com/photos/19770562/medium.jpg,Neverita lewisii,Lewis's Moon Snail,research,https://www.inaturalist.org/observations/13466689,Animalia,Mollusca,Gastropoda,Littorinimorpha,Naticidae,Neverita,Neverita lewisii
31967882,50089860,obs_31967882_photo_50089860,https://static.inaturalist.org/photos/50089860/medium.jpeg,Triplofusus giganteus,Florida Horse Conch,research,https://www.inaturalist.org/observations/31967882,Animalia,Mollusca,Gastropoda,Neogastropoda,Fasciolariidae,Triplofusus,Triplofusus giganteus
44675375,70829028,obs_44675375_photo_70829028,https://inaturalist-open-data.s3.amazonaws.com/photos/70829028/medium.jpeg,Arion ater,Black Slug,research,https://www.inaturalist.org/observations/44675375,Animalia,Mollusca,Gastropoda,Stylommatophora,Arionidae,Arion,Arion ater
45442630,72056067,obs_45442630_photo_72056067,https://inaturalist-open-data.s3.amazonaws.com/photos/72056067/medium.jpeg,Cryptochiton stelleri,Gumboot Chiton,needs_id,https://www.inaturalist.org/observations/45442630,Animalia,Mollusca,Polyplacophora,Chitonida,Acanthochitonidae,Cryptochiton,Cryptochiton stelleri
62278764,99765773,obs_62278764_photo_99765773,https://inaturalist-open-data.s3.amazonaws.com/photos/99765773/medium.jpeg,Afrorhytida kraussi kraussi,,research,https://www.inaturalist.org/observations/62278764,Animalia,Mollusca,Gastropoda,Stylommatophora,Rhytididae,Afrorhytida,Afrorhytida kraussi
62498833,100137946,obs_62498833_photo_100137946,https://inaturalist-open-data.s3.amazonaws.com/photos/100137946/medium.jpg,Elisolimax flavescens,African Banana Slug,research,https://www.inaturalist.org/observations/62498833,Animalia,Mollusca,Gastropoda,Stylommatophora,Urocyclidae,Elisolimax,Elisolimax flavescens
66194678,106656672,obs_66194678_photo_106656672,https://inaturalist-open-data.s3.amazonaws.com/photos/106656672/medium.jpeg,Lissachatina immaculata,Giant Blonde Snail,research,https://www.inaturalist.org/observations/66194678,Animalia,Mollusca,Gastropoda,Stylommatophora,Achatinidae,Lissachatina,Lissachatina immaculata
69194931,112223888,obs_69194931_photo_112223888,https://inaturalist-open-data.s3.amazonaws.com/photos/112223888/medium.jpg,Gastropoda,Gastropods,needs_id,https://www.inaturalist.org/observations/69194931,Animalia,Mollusca,Gastropoda,,,,
70879081,115307880,obs_70879081_photo_115307880,https://inaturalist-open-data.s3.amazonaws.com/photos/115307880/medium.jpeg,Spisula solidissima,West Atlantic Surfclam,needs_id,https://www.inaturalist.org/observations/70879081,Animalia,Mollusca,Bivalvia,Venerida,Mactridae,Spisula,Spisula solidissima
102691689,171703427,obs_102691689_photo_171703427,https://inaturalist-open-data.s3.amazonaws.com/photos/171703427/medium.jpeg,Discurria insessa,Seaweed Limpet,research,https://www.inaturalist.org/observations/102691689,Animalia,Mollusca,Gastropoda,,Lottiidae,Discurria,Discurria insessa
103403764,173052489,obs_103403764_photo_173052489,https://inaturalist-open-data.s3.amazonaws.com/photos/173052489/medium.jpeg,Ariolimax californicus,California Banana Slug,research,https://www.inaturalist.org/observations/103403764,Animalia,Mollusca,Gastropoda,Stylommatophora,Ariolimacidae,Ariolimax,Ariolimax californicus
104446825,175011125,obs_104446825_photo_175011125,https://inaturalist-open-data.s3.amazonaws.com/photos/175011125/medium.jpeg,Doris montereyensis,Monterey Dorid,research,https://www.inaturalist.org/observations/104446825,Animalia,Mollusca,Gastropoda,Nudibranchia,Dorididae,Doris,Doris montereyensis
104676320,175447610,obs_104676320_photo_175447610,https://inaturalist-open-data.s3.amazonaws.com/photos/175447610/medium.jpg,Physella,,needs_id,https://www.inaturalist.org/observations/104676320,Animalia,Mollusca,Gastropoda,,Physidae,Physella,
104685233,175465159,obs_104685233_photo_175465159,https://inaturalist-open-data.s3.amazonaws.com/photos/175465159/medium.jpg,Utterbackia imbecillis,Paper Pondshell,research,https://www.inaturalist.org/observations/104685233,Animalia,Mollusca,Bivalvia,Unionida,Unionidae,Utterbackia,Utterbackia imbecillis
105116597,176295587,obs_105116597_photo_176295587,https://inaturalist-open-data.s3.amazonaws.com/photos/176295587/medium.jpeg,Stylommatophora,Common Land Snails and Slugs,needs_id,https://www.inaturalist.org/observations/105116597,Animalia,Mollusca,Gastropoda,Stylommatophora,,,
108694701,183043086,obs_108694701_photo_183043086,https://inaturalist-open-data.s3.amazonaws.com/photos/183043086/medium.jpeg,Veneridae,Venus Clams,needs_id,https://www.inaturalist.org/observations/108694701,Animalia,Mollusca,Bivalvia,Venerida,Veneridae,,
108694703,183043107,obs_108694703_photo_183043107,https://inaturalist-open-data.s3.amazonaws.com/photos/183043107/medium.jpeg,Euheterodonta,,needs_id,https://www.inaturalist.org/observations/108694703,Animalia,Mollusca,Bivalvia,,,,
44675216,70828695,obs_44675216_photo_70828695,https://inaturalist-open-data.s3.amazonaws.com/photos/70828695/medium.jpeg,Lycogala epidendrum,Wolf's Milk,research,https://www.inaturalist.org/observations/44675216,Protozoa,Mycetozoa,Myxomycetes,Reticulariales,Reticulariaceae,Lycogala,Lycogala epidendrum
255562660,458008038,obs_255562660_photo_458008038,https://inaturalist-open-data.s3.amazonaws.com/photos/458008038/medium.jpg,Stemonitidaceae,,needs_id,https://www.inaturalist.org/observations/255562660,Protozoa,Mycetozoa,Myxomycetes,Stemonitidales,Stemonitidaceae,,
258568965,463949052,obs_258568965_photo_463949052,https://inaturalist-open-data.s3.amazonaws.com/photos/463949052/medium.jpg,Reticularia,,research,https://www.inaturalist.org/observations/258568965,Protozoa,Mycetozoa,Myxomycetes,Reticulariales,Reticulariaceae,Reticularia,
201303417,355329004,obs_201303417_photo_355329004,https://inaturalist-open-data.s3.amazonaws.com/photos/355329004/medium.jpg,Mermithidae,Insect-Parasitising Nematodes,needs_id,https://www.inaturalist.org/observations/201303417,Animalia,Nematoda,Enoplea,Mermithida,Mermithidae,,
33435868,52515163,obs_33435868_photo_52515163,https://inaturalist-open-data.s3.amazonaws.com/photos/52515163/medium.jpeg,Paranemertes peregrina,Purple Ribbon Worm,needs_id,https://www.inaturalist.org/observations/33435868,Animalia,Nemertea,Hoplonemertea,Monostilifera,Neesiidae,Paranemertes,Paranemertes peregrina
228958448,406367945,obs_228958448_photo_406367945,https://static.inaturalist.org/photos/406367945/medium.jpeg,Avipoxvirus,Avian pox viruses,research,https://www.inaturalist.org/observations/228958448,Viruses,Nucleocytoviricota,Pokkesviricetes,Chitovirales,Poxviridae,Avipoxvirus,
102691691,171703626,obs_102691691_photo_171703626,https://inaturalist-open-data.s3.amazonaws.com/photos/171703626/medium.jpeg,Egregia menziesii,Feather Boa Kelp,research,https://www.inaturalist.org/observations/102691691,Chromista,Ochrophyta,Phaeophyceae,Laminariales,Lessoniaceae,Egregia,Egregia menziesii
9833518,13465547,obs_9833518_photo_13465547,https://inaturalist-open-data.s3.amazonaws.com/photos/13465547/medium.jpg,Peripatoides,,needs_id,https://www.inaturalist.org/observations/9833518,Animalia,Onychophora,,,Peripatopsidae,Peripatoides,
112910966,190755590,obs_112910966_photo_190755590,https://inaturalist-open-data.s3.amazonaws.com/photos/190755590/medium.jpeg,Oroperipatus,,needs_id,https://www.inaturalist.org/observations/112910966,Animalia,Onychophora,,,Peripatidae,Oroperipatus,
130046716,221096841,obs_130046716_photo_221096841,https://static.inaturalist.org/photos/221096841/medium.jpg,Peripatopsidae,southern velvet worms,needs_id,https://www.inaturalist.org/observations/130046716,Animalia,Onychophora,,,Peripatopsidae,,
131625336,224021379,obs_131625336_photo_224021379,https://inaturalist-open-data.s3.amazonaws.com/photos/224021379/medium.jpg,Peripatidae,equatorial velvet worms,needs_id,https://www.inaturalist.org/observations/131625336,Animalia,Onychophora,,,Peripatidae,,
264953671,475827468,obs_264953671_photo_475827468,https://inaturalist-open-data.s3.amazonaws.com/photos/475827468/medium.jpeg,Peripatopsis orientalis,Eastern Forest Velvetworm,research,https://www.inaturalist.org/observations/264953671,Animalia,Onychophora,,,Peripatopsidae,Peripatopsis,Peripatopsis orientalis
89418103,147652109,obs_89418103_photo_147652109,https://inaturalist-open-data.s3.amazonaws.com/photos/147652109/medium.jpg,Parakontikia ventrolineata,,research,https://www.inaturalist.org/observations/89418103,Animalia,Platyhelminthes,,Tricladida,Geoplanidae,Parakontikia,Parakontikia ventrolineata
163365136,282538358,obs_163365136_photo_282538358,https://inaturalist-open-data.s3.amazonaws.com/photos/282538358/medium.jpg,Cyclophyllidea,,needs_id,https://www.inaturalist.org/observations/163365136,Animalia,Platyhelminthes,Cestoda,Cyclophyllidea,,,
194599339,342107100,obs_194599339_photo_342107100,https://inaturalist-open-data.s3.amazonaws.com/photos/342107100/medium.jpeg,Obama nungara,Obama Flatworm,research,https://www.inaturalist.org/observations/194599339,Animalia,Platyhelminthes,,Tricladida,Geoplanidae,Obama,Obama nungara
250956763,448935283,obs_250956763_photo_448935283,https://inaturalist-open-data.s3.amazonaws.com/photos/448935283/medium.jpg,Prostheceraeus crozieri,Tiger Flatworm,research,https://www.inaturalist.org/observations/250956763,Animalia,Platyhelminthes,,Polycladida,Euryleptidae,Prostheceraeus,Prostheceraeus crozieri
263864256,474104967,obs_263864256_photo_474104967,https://inaturalist-open-data.s3.amazonaws.com/photos/474104967/medium.jpeg,Geoplaninae,Neotropical Land Planarians,needs_id,https://www.inaturalist.org/observations/263864256,Animalia,Platyhelminthes,,Tricladida,Geoplanidae,,
104446822,175010774,obs_104446822_photo_175010774,https://inaturalist-open-data.s3.amazonaws.com/photos/175010774/medium.jpeg,Halichondria panicea,Bread-crumb Sponge,needs_id,https://www.inaturalist.org/observations/104446822,Animalia,Porifera,Demospongiae,Suberitida,Halichondriidae,Halichondria,Halichondria panicea
138339505,236420699,obs_138339505_photo_236420699,https://inaturalist-open-data.s3.amazonaws.com/photos/236420699/medium.jpeg,Haliclona,,needs_id,https://www.inaturalist.org/observations/138339505,Animalia,Porifera,Demospongiae,Haplosclerida,Chalinidae,Haliclona,
673967,848814,obs_673967_photo_848814,https://inaturalist-open-data.s3.amazonaws.com/photos/848814/medium.jpg,Elytraria acaulis,,research,http://www.inaturalist.org/observations/673967,Plantae,Tracheophyta,Magnoliopsida,Lamiales,Acanthaceae,Elytraria,Elytraria acaulis
1126540,1416013,obs_1126540_photo_1416013,https://inaturalist-open-data.s3.amazonaws.com/photos/1416013/medium.jpg,Ochna atropurpurea,,needs_id,http://www.inaturalist.org/observations/1126540,Plantae,Tracheophyta,Magnoliopsida,Malpighiales,Ochnaceae,Ochna,Ochna atropurpurea
1560560,1932050,obs_1560560_photo_1932050,https://inaturalist-open-data.s3.amazonaws.com/photos/1932050/medium.jpg,Pappea capensis,Jacket plum,research,http://www.inaturalist.org/observations/1560560,Plantae,Tracheophyta,Magnoliopsida,Sapindales,Sapindaceae,Pappea,Pappea capensis
2425738,2700767,obs_2425738_photo_2700767,https://inaturalist-open-data.s3.amazonaws.com/photos/2700767/medium.jpg,Drosera madagascariensis,Madagascar Sundew,research,http://www.inaturalist.org/observations/2425738,Plantae,Tracheophyta,Magnoliopsida,Caryophyllales,Droseraceae,Drosera,Drosera madagascariensis
5128057,6309771,obs_5128057_photo_6309771,https://inaturalist-open-data.s3.amazonaws.com/photos/6309771/medium.jpg,Lycianthes rantonnetii,blue potatobush,casual,https://www.inaturalist.org/observations/5128057,Plantae,Tracheophyta,Magnoliopsida,Solanales,Solanaceae,Lycianthes,Lycianthes rantonnetii
8387435,11155664,obs_8387435_photo_11155664,https://inaturalist-open-data.s3.amazonaws.com/photos/11155664/medium.jpeg,Inhambanella henriquesii,milkpear,research,https://www.inaturalist.org/observations/8387435,Plantae,Tracheophyta,Magnoliopsida,Ericales,Sapotaceae,Inhambanella,Inhambanella henriquesii
9029586,12180368,obs_9029586_photo_12180368,https://inaturalist-open-data.s3.amazonaws.com/photos/12180368/medium.jpg,Cyphostemma princeae,,needs_id,https://www.inaturalist.org/observations/9029586,Plantae,Tracheophyta,Magnoliopsida,Vitales,Vitaceae,Cyphostemma,Cyphostemma princeae
9692012,13252435,obs_9692012_photo_13252435,https://inaturalist-open-data.s3.amazonaws.com/photos/13252435/medium.jpg,Hibiscus,hibiscuses,needs_id,https://www.inaturalist.org/observations/9692012,Plantae,Tracheophyta,Magnoliopsida,Malvales,Malvaceae,Hibiscus,
10960412,15423069,obs_10960412_photo_15423069,https://inaturalist-open-data.s3.amazonaws.com/photos/15423069/medium.jpg,Obetia tenax,Rock Tree Nettle,research,https://www.inaturalist.org/observations/10960412,Plantae,Tracheophyta,Magnoliopsida,Rosales,Urticaceae,Obetia,Obetia tenax
10986817,15475781,obs_10986817_photo_15475781,https://inaturalist-open-data.s3.amazonaws.com/photos/15475781/medium.jpg,Clivia miniata miniata,Benediction Lily,casual,https://www.inaturalist.org/observations/10986817,Plantae,Tracheophyta,Liliopsida,Asparagales,Amaryllidaceae,Clivia,Clivia miniata
11018383,15535878,obs_11018383_photo_15535878,https://inaturalist-open-data.s3.amazonaws.com/photos/15535878/medium.jpg,Gymnosporia senegalensis,confetti spikethorn,research,https://www.inaturalist.org/observations/11018383,Plantae,Tracheophyta,Magnoliopsida,Celastrales,Celastraceae,Gymnosporia,Gymnosporia senegalensis
11065591,15613837,obs_11065591_photo_15613837,https://inaturalist-open-data.s3.amazonaws.com/photos/15613837/medium.jpg,Salvia rosmarinus,Rosemary,casual,https://www.inaturalist.org/observations/11065591,Plantae,Tracheophyta,Magnoliopsida,Lamiales,Lamiaceae,Salvia,Salvia rosmarinus
11074145,15630470,obs_11074145_photo_15630470,https://inaturalist-open-data.s3.amazonaws.com/photos/15630470/medium.jpg,Malveae,,needs_id,https://www.inaturalist.org/observations/11074145,Plantae,Tracheophyta,Magnoliopsida,Malvales,Malvaceae,,
11236942,15949804,obs_11236942_photo_15949804,https://inaturalist-open-data.s3.amazonaws.com/photos/15949804/medium.jpg,Solanum campylacanthum,bitter-apple,research,https://www.inaturalist.org/observations/11236942,Plantae,Tracheophyta,Magnoliopsida,Solanales,Solanaceae,Solanum,Solanum campylacanthum
11241837,15959714,obs_11241837_photo_15959714,https://inaturalist-open-data.s3.amazonaws.com/photos/15959714/medium.jpg,Brachystegia boehmii,Prince-Of-Wales Feathers,needs_id,https://www.inaturalist.org/observations/11241837,Plantae,Tracheophyta,Magnoliopsida,Fabales,Fabaceae,Brachystegia,Brachystegia boehmii
11251463,15979965,obs_11251463_photo_15979965,https://inaturalist-open-data.s3.amazonaws.com/photos/15979965/medium.jpg,Aloidendron barberae,Eastern Tree Aloe,casual,https://www.inaturalist.org/observations/11251463,Plantae,Tracheophyta,Liliopsida,Asparagales,Asphodelaceae,Aloidendron,Aloidendron barberae
11252885,15983245,obs_11252885_photo_15983245,https://inaturalist-open-data.s3.amazonaws.com/photos/15983245/medium.jpg,Zephyranthes robusta,pink rain lily,research,https://www.inaturalist.org/observations/11252885,Plantae,Tracheophyta,Liliopsida,Asparagales,Amaryllidaceae,Zephyranthes,Zephyranthes robusta
12833171,18617053,obs_12833171_photo_18617053,https://inaturalist-open-data.s3.amazonaws.com/photos/18617053/medium.jpeg,Oenothera speciosa,Pinkladies,research,https://www.inaturalist.org/observations/12833171,Plantae,Tracheophyta,Magnoliopsida,Myrtales,Onagraceae,Oenothera,Oenothera speciosa
14844443,22157469,obs_14844443_photo_22157469,https://inaturalist-open-data.s3.amazonaws.com/photos/22157469/medium.jpeg,Aloe,Aloes,needs_id,https://www.inaturalist.org/observations/14844443,Plantae,Tracheophyta,Liliopsida,Asparagales,Asphodelaceae,Aloe,
15283784,22876182,obs_15283784_photo_22876182,https://inaturalist-open-data.s3.amazonaws.com/photos/22876182/medium.jpg,Globimetula mweroensis,,research,https://www.inaturalist.org/observations/15283784,Plantae,Tracheophyta,Magnoliopsida,Santalales,Loranthaceae,Globimetula,Globimetula mweroensis
17471942,26567244,obs_17471942_photo_26567244,https://inaturalist-open-data.s3.amazonaws.com/photos/26567244/medium.jpeg,Glandularia aristigera,South American mock vervain,research,https://www.inaturalist.org/observations/17471942,Plantae,Tracheophyta,Magnoliopsida,Lamiales,Verbenaceae,Glandularia,Glandularia aristigera
178555022,310723982,obs_178555022_photo_310723982,https://inaturalist-open-data.s3.amazonaws.com/photos/310723982/medium.jpg,Entomophthora muscae,Fly Death Fungi,needs_id,https://www.inaturalist.org/observations/178555022,Fungi,Zygomycota,Entomophthoromycetes,Entomophthorales,Entomophthoraceae,Entomophthora,
220102252,389649357,obs_220102252_photo_389649357,https://inaturalist-open-data.s3.amazonaws.com/photos/389649357/medium.jpeg,Furia ithacensis,,needs_id,https://www.inaturalist.org/observations/220102252,Fungi,Zygomycota,Entomophthoromycetes,Entomophthorales,Entomophthoraceae,Furia,Furia ithacensis
256022699,458927175,obs_256022699_photo_458927175,https://inaturalist-open-data.s3.amazonaws.com/photos/458927175/medium.jpeg,Arthrophaga myriapodina,,research,https://www.inaturalist.org/observations/256022699,Fungi,Zygomycota,Entomophthoromycetes,Entomophthorales,Entomophthoraceae,Arthrophaga,Arthrophaga myriapodina
