observation_id,uuid,observed_on_string,observed_on,time_observed_at,time_zone,user_id,user_login,user,created_at,updated_at,quality_grade,license,uri,medium_url,sound_url,tag_list,description,num_identification_agreements,num_identification_disagreements,captive_cultivated,oauth_application_id,place_guess,latitude,longitude,positional_accuracy,private_place_guess,private_latitude,private_longitude,public_positional_accuracy,geoprivacy,taxon_geoprivacy,coordinates_obscured,positioning_method,positioning_device,place_town,place_county,place_state,place_country,place_admin1,place_admin2,species_guess,scientific_name,common_name,iconic_taxon,taxon_id,taxon_kingdom,taxon_phylum,taxon_subphylum,taxon_superclass,taxon_class,taxon_subclass,taxon_superorder,taxon_order,taxon_suborder,taxon_superfamily,taxon_family,taxon_subfamily,taxon_supertribe,taxon_tribe,taxon_subtribe,taxon_genus,taxon_genushybrid,taxon_species,taxon_hybrid,taxon_subspecies,taxon_variety,taxon_form,"field:id meant for ""eater"" or organism being eaten?","field:url for ""partner"" observation",field:is observation one of these special types of feeding?,photo_id,Image_name
64497720,026aa0c7-dab5-41bb-895a-1b5a712049fe,2020/02/22 2:20 PM CST,2020-02-22,2020-02-22 20:20:00 UTC,Central Time (US & Canada),9627,badger8181,Bryan Box,2020-11-09 03:56:18 UTC,2024-11-29 19:12:21 UTC,research,CC-BY-NC,https://www.inaturalist.org/observations/64497720,https://inaturalist-open-data.s3.amazonaws.com/photos/103704678/medium.jpg,,,,3,0,False,,"Island County, WA, USA",48.2842512159,-122.7282895911,3055.0,,,,3055.0,,,False,,,,Island,Washington,United States,Washington,Island,Alitta williami,Alitta williami,,Animalia,1115984,Animalia,Annelida,,,Polychaeta,Errantia,,Phyllodocida,Nereidiformia,,Nereididae,Nereidinae,,,,Alitta,,Alitta williami,,,,,organism being eaten,https://www.inaturalist.org/observations/39561580,"No, none of these",103704678,obs_64497720_photo_103704678
78431515,f05eeefd-5e01-4ac4-ac6d-24176b7c0470,2021-05-11 16:49:01,2021-05-11,2021-05-11 20:49:01 UTC,Eastern Time (US & Canada),1415405,don-jean,Don-Jean Leandri-Breton,2021-05-12 05:14:29 UTC,2025-02-27 15:48:48 UTC,research,CC-BY-NC,https://www.inaturalist.org/observations/78431515,https://static.inaturalist.org/photos/128226886/medium.jpeg,,,Several leeches feeding on a dead frog. ,1,0,False,,"2050 Jessheim, Norway",60.1563888889,11.1572222222,,,,,,,,False,,,,Akershus,Akershus,Norway,Akershus,Ullensaker,Horse Leech,Haemopis sanguisuga,Horse Leech,Animalia,468867,Animalia,Annelida,,,Clitellata,Hirudinea,,Arhynchobdellida,Hirudiniformes,,Haemopidae,,,,,Haemopis,,Haemopis sanguisuga,,,,,eater,,Scavenging,128226886,obs_78431515_photo_128226886
94545832,6da335ac-b7fc-4ca5-bb7f-9ab15790d8bf,Sat Sep 04 2021 11:41:28 GMT-0700 (PDT),2021-09-04,2021-09-04 18:41:28 UTC,Pacific Time (US & Canada),2571501,chalon9,Chalon Boesel,2021-09-12 07:40:37 UTC,2025-02-05 21:26:16 UTC,research,CC-BY-NC,https://www.inaturalist.org/observations/94545832,https://inaturalist-open-data.s3.amazonaws.com/photos/156850036/medium.jpg,,,Something being eaten by a sea otter.,2,0,False,,"Elkhorn Slough, Moss Landing, CA, US",36.8071383333,-121.7876966667,,,,,,,,False,,,,Monterey,California,United States,California,Monterey,Fat Innkeeper Worm,Urechis caupo,Fat Innkeeper Worm,Animalia,117583,Animalia,Annelida,,,Polychaeta,Echiura,,Echiuroidea,Echiurida,,Urechidae,,,,,Urechis,,Urechis caupo,,,,,thing being eaten,https://www.inaturalist.org/observations/94545153,,156850036,obs_94545832_photo_156850036
130480768,083f1160-004f-4e84-9a6b-11da61304442,2017/09/26 9:43 AM SAST,2017-09-26,2017-09-26 07:43:00 UTC,Pretoria,2572233,m_d,Mahomed Desai,2022-08-12 10:37:26 UTC,2025-03-15 11:17:53 UTC,research,CC-BY,https://www.inaturalist.org/observations/130480768,https://inaturalist-open-data.s3.amazonaws.com/photos/70327211/medium.jpeg,,,,1,0,False,,"Nomcondo, South Africa",-28.1184583333,32.18437,10.0,,,,10.0,,,False,,,,Hlabisa,KwaZulu-Natal,South Africa,KwaZulu-Natal,Umkhanyakude,Common African Leech,Hirudo michaelseni,Common African Leech,Animalia,669581,Animalia,Annelida,,,Clitellata,Hirudinea,,Arhynchobdellida,Hirudiniformes,,Hirudinidae,,,,,Hirudo,,Hirudo michaelseni,,,,,eater,https://www.inaturalist.org/observations/44358543,Parasitism,70327211,obs_130480768_photo_70327211
608490,8a3c487c-80f8-464e-88f7-306f848cfc75,2014-03-20 08:25:45,2014-03-20,2014-03-20 06:25:45 UTC,Harare,23072,i_c_riddell,,2014-04-05 09:26:40 UTC,2020-12-12 14:48:31 UTC,research,CC-BY,http://www.inaturalist.org/observations/608490,https://inaturalist-open-data.s3.amazonaws.com/photos/767186/medium.jpg,,,,2,0,False,,"TCT Dalmann Catapu, Mozambique",-18.086683,35.182027,,,,,,,,False,,,,Cheringoma,Sofala,Mozambique,Sofala,Cheringoma,Philematium virens,Philematium virens,,Insecta,349081,Animalia,Arthropoda,Hexapoda,,Insecta,Pterygota,,Coleoptera,Polyphaga,Cerambycoidea,Cerambycidae,Cerambycinae,,Callichromatini,,Philematium,,Philematium virens,,,,,eater,https://www.inaturalist.org/observations/66465198,,767186,obs_608490_photo_767186
613295,27e91f4f-b75f-46b8-b719-08b249347534,2014-03-20 08:19:36,2014-03-20,2014-03-20 06:19:36 UTC,Harare,23072,i_c_riddell,,2014-04-08 13:09:44 UTC,2020-12-12 14:37:12 UTC,research,CC-BY,http://www.inaturalist.org/observations/613295,https://inaturalist-open-data.s3.amazonaws.com/photos/773078/medium.jpg,,,,1,0,False,,"TCT Dalmann Catapu, Mozambique",-18.086715,35.18193,,,,,,,,False,,,,Cheringoma,Sofala,Mozambique,Sofala,Cheringoma,Pedinorrhina trivittata,Pedinorrhina trivittata,Yellowheart Fruit Chafer,Insecta,349342,Animalia,Arthropoda,Hexapoda,,Insecta,Pterygota,,Coleoptera,Polyphaga,Scarabaeoidea,Scarabaeidae,Cetoniinae,,Goliathini,Coryphocerina,Pedinorrhina,,Pedinorrhina trivittata,,,,,eater,https://www.inaturalist.org/observations/66465198,,773078,obs_613295_photo_773078
613368,4af8ee6a-6a67-49f5-93d7-e6194938f476,2014-03-18 15:05:06,2014-03-18,2014-03-18 13:05:06 UTC,Harare,23072,i_c_riddell,,2014-04-08 13:48:35 UTC,2021-02-20 09:28:46 UTC,research,CC-BY,http://www.inaturalist.org/observations/613368,https://inaturalist-open-data.s3.amazonaws.com/photos/773134/medium.jpg,,,,4,1,False,,"TCT Dalmann Catapu, Mozambique",-18.040483,35.202191,180.0,,,,180.0,,,False,,,,Cheringoma,Sofala,Mozambique,Sofala,Cheringoma,Green-banded Swallowtail,Papilio nireus,Narrow Green-banded Swallowtail,Insecta,203122,Animalia,Arthropoda,Hexapoda,,Insecta,Pterygota,,Lepidoptera,,Papilionoidea,Papilionidae,Papilioninae,,Papilionini,,Papilio,,Papilio nireus,,,,,eater,https://www.inaturalist.org/observations/66464630,,773134,obs_613368_photo_773134
855273,479c6093-3487-4f5d-87df-540729a7645c,2014-08-28 15:22:19,2014-08-28,2014-08-28 13:22:19 UTC,Harare,23072,i_c_riddell,,2014-08-31 14:08:26 UTC,2023-01-29 03:00:15 UTC,research,CC-BY,http://www.inaturalist.org/observations/855273,https://inaturalist-open-data.s3.amazonaws.com/photos/1084105/medium.jpg,,,,3,0,False,,"Harare, Zimbabwe",-17.81164,31.080963,,,,,,,,False,,,,Harare,Harare,Zimbabwe,Harare,Harare,Sooty Blue,Zizeeria knysna,African Grass Blue,Insecta,319796,Animalia,Arthropoda,Hexapoda,,Insecta,Pterygota,,Lepidoptera,,Papilionoidea,Lycaenidae,Polyommatinae,,Polyommatini,Zizeeriina,Zizeeria,,Zizeeria knysna,,,,,eater,"https://www.inaturalist.org/observations/66517113, https://www.inaturalist.org/observations/67665745",,1084105,obs_855273_photo_1084105
855282,455c3640-1a34-4fbc-aea7-1a6a67a9aa82,2014-08-28 16:11:01,2014-08-28,2014-08-28 14:11:01 UTC,Harare,23072,i_c_riddell,,2014-08-31 14:20:34 UTC,2020-12-12 13:08:02 UTC,research,CC-BY,http://www.inaturalist.org/observations/855282,https://inaturalist-open-data.s3.amazonaws.com/photos/1084115/medium.jpg,,,,1,0,False,,"Harare, Zimbabwe",-17.81164,31.080963,,,,,,,,False,,,,Harare,Harare,Zimbabwe,Harare,Harare,Stenodacma wahlbergi,Stenodacma wahlbergi,,Insecta,319629,Animalia,Arthropoda,Hexapoda,,Insecta,Pterygota,,Lepidoptera,,Pterophoroidea,Pterophoridae,Pterophorinae,,Oxyptilini,,Stenodacma,,Stenodacma wahlbergi,,,,,eater,https://www.inaturalist.org/observations/66458766,,1084115,obs_855282_photo_1084115
859795,b8f958a4-cc43-49fa-9076-e7d33ca953e1,2014-09-01 14:59:54,2014-09-01,2014-09-01 12:59:54 UTC,Harare,23072,i_c_riddell,,2014-09-03 12:46:12 UTC,2021-07-08 05:22:09 UTC,research,CC-BY,http://www.inaturalist.org/observations/859795,https://inaturalist-open-data.s3.amazonaws.com/photos/1090771/medium.jpg,,,,4,0,False,,"Harare, Zimbabwe",-17.81164,31.080963,,,,,,,,False,,,,Harare,Harare,Zimbabwe,Harare,Harare,Axehead Skipper,Acada biseriata,Axehead Skipper,Insecta,367917,Animalia,Arthropoda,Hexapoda,,Insecta,Pterygota,,Lepidoptera,,Papilionoidea,Hesperiidae,Hesperiinae,,Ceratrichiini,,Acada,,Acada biseriata,,,,,eater,https://www.inaturalist.org/observations/66462095,,1090771,obs_859795_photo_1090771
890705,efb37bf5-451d-46f7-90a8-f2f4b5195f31,2014-09-21 10:22:44,2014-09-21,2014-09-21 08:22:44 UTC,Harare,23072,i_c_riddell,,2014-09-23 06:02:20 UTC,2020-12-12 09:00:42 UTC,research,CC-BY,http://www.inaturalist.org/observations/890705,https://inaturalist-open-data.s3.amazonaws.com/photos/1131787/medium.jpg,,,,1,0,False,,"Tsindi Ruins, Marondera",-18.096296,31.705792,20.0,,,,20.0,,,False,,,,Marondera,Mashonaland East,Zimbabwe,Mashonaland East,Marondera,Philoliche rubramarginata,Philoliche rubramarginata,Redflank Needlenose Fly,Insecta,371433,Animalia,Arthropoda,Hexapoda,,Insecta,Pterygota,,Diptera,Brachycera,,Tabanidae,Pangoniinae,,Philolichini,,Philoliche,,Philoliche rubramarginata,,,,,eater,https://www.inaturalist.org/observations/66458394,,1131787,obs_890705_photo_1131787
158540087,20405d65-5830-4e0b-a908-46640a0b2b5c,2023-05-01 08:50:15,2023-05-01,2023-05-01 07:50:15 UTC,Lisbon,4119945,charcoscompanhia,Charcos Companhia,2023-05-01 08:35:20 UTC,2025-02-14 21:35:15 UTC,research,CC-BY-NC,https://www.inaturalist.org/observations/158540087,https://inaturalist-open-data.s3.amazonaws.com/photos/273987410/medium.jpeg,,,,2,0,False,2.0,"Vagos, PT-AV, PT",40.4597390032,-8.6992437702,4.0,,,,4.0,,,False,,,,Vagos,Aveiro,Portugal,Aveiro,Vagos,Ophiocordyceps humbertii,Ophiocordyceps humbertii,,Fungi,701946,Fungi,Ascomycota,Pezizomycotina,,Sordariomycetes,Hypocreomycetidae,,Hypocreales,,,Ophiocordycipitaceae,,,,,Ophiocordyceps,,Ophiocordyceps humbertii,,,,,eater,https://www.inaturalist.org/observations/158530269,Parasitism,273987410,obs_158540087_photo_273987410
238577781,ede2acb4-ccf2-4ae2-b1f9-6d63d9578746,2024-08-28 10:09:26-04:00,2024-08-28,2024-08-28 14:09:26 UTC,Eastern Time (US & Canada),1791950,gillydilly,Becky Dill,2024-08-29 11:49:56 UTC,2025-01-23 02:11:38 UTC,research,CC0,https://www.inaturalist.org/observations/238577781,https://inaturalist-open-data.s3.amazonaws.com/photos/424767744/medium.jpeg,,,,3,1,False,3.0,"Lilesville, NC, US",34.9349583333,-79.9439166667,4.0,,,,4.0,,,False,,,,Anson,North Carolina,United States,North Carolina,Anson,Pseudocercospora fuliginosa,Pseudocercospora fuliginosa,,Fungi,1584802,Fungi,Ascomycota,Pezizomycotina,,Dothideomycetes,Dothideomycetidae,,Mycosphaerellales,,,Mycosphaerellaceae,,,,,Pseudocercospora,,Pseudocercospora fuliginosa,,,,,eater,https://www.inaturalist.org/observations/238510796,Parasitism,424767744,obs_238577781_photo_424767744
265572849,ea0efe6c-a87e-4036-9768-8442f33c6480,2025/03/15 4:16 PM,2025-03-15,2025-03-15 19:16:00 UTC,Santiago,824054,eric-schmitty,Eric Schmidt,2025-03-16 17:18:25 UTC,2025-04-12 20:43:31 UTC,research,CC-BY,https://www.inaturalist.org/observations/265572849,https://inaturalist-open-data.s3.amazonaws.com/photos/477040617/medium.jpeg,,,,1,0,False,,"Santiago, Santiago Metropolitan Region, Chile",-33.4220492,-70.6350488,,,,,,,,False,,,,Santiago,Región Metropolitana de Santiago,Chile,Región Metropolitana de Santiago,Santiago,Golovinomyces bolayi,Golovinomyces bolayi,,Fungi,1107859,Fungi,Ascomycota,Pezizomycotina,,Leotiomycetes,,,Helotiales,,,Erysiphaceae,,,Golovinomyceteae,,Golovinomyces,,Golovinomyces bolayi,,,,,eater,https://www.inaturalist.org/observations/265572845,Parasitism,477040617,obs_265572849_photo_477040617
266997709,b6fb3fed-aa0d-488a-ba3b-c640c89826ee,2025/03/21 12:46 PM,2025-03-21,2025-03-21 15:46:00 UTC,Santiago,824054,eric-schmitty,Eric Schmidt,2025-03-26 02:50:17 UTC,2025-04-14 07:04:35 UTC,research,CC-BY,https://www.inaturalist.org/observations/266997709,https://inaturalist-open-data.s3.amazonaws.com/photos/479761706/medium.jpg,,,,1,0,False,,"Santiago, Santiago Metropolitan Region, Chile",-33.4414388889,-70.5466638889,,,,,,,,False,,,,Cordillera,Región Metropolitana de Santiago,Chile,Región Metropolitana de Santiago,Cordillera,Crape Myrtle Mildew,Erysiphe australiana,Crape Myrtle Mildew,Fungi,446915,Fungi,Ascomycota,Pezizomycotina,,Leotiomycetes,,,Helotiales,,,Erysiphaceae,,,Erysipheae,,Erysiphe,,Erysiphe australiana,,,,,eater,https://www.inaturalist.org/observations/266997706,Parasitism,479761706,obs_266997709_photo_479761706
84804335,3f4f7f00-fd8f-44d4-92b3-f0981750a9fb,2021/06/26 4:48 PM EDT,2021-06-26,2021-06-26 20:48:00 UTC,Eastern Time (US & Canada),3408072,ndudziak,Norman Dudziak,2021-06-28 02:56:41 UTC,2021-07-06 19:07:50 UTC,research,CC-BY-NC,https://www.inaturalist.org/observations/84804335,https://inaturalist-open-data.s3.amazonaws.com/photos/139427301/medium.jpeg,,"Barrington Land Conservation Trust, Sowams Woods",,1,0,False,,"Barrington, RI, USA",41.7352033333,-71.3360616667,,,,,,,,False,,,,Bristol,Rhode Island,United States,Rhode Island,Bristol,Mayapple Rust,Allodus podophylli,Mayapple Rust,Fungi,417511,Fungi,Basidiomycota,Pucciniomycotina,,Pucciniomycetes,,,Pucciniales,Uredinineae,,,,,,,Allodus,,Allodus podophylli,,,,,eater,https://www.inaturalist.org/observations/84804118,,139427301,obs_84804335_photo_139427301
115944573,2fc2492e-b3b0-4a98-84d2-741a5c49d04e,2022-05-07 20:14:11,2022-05-07,2022-05-07 18:14:11 UTC,Rome,1522604,lvdr,,2022-05-07 18:15:50 UTC,2022-12-09 19:32:39 UTC,research,CC-BY-NC,https://www.inaturalist.org/observations/115944573,https://inaturalist-open-data.s3.amazonaws.com/photos/195682488/medium.jpeg,,,,1,0,False,2.0,"Peseggia VE, Italia",45.5614851054,12.1925326064,6.0,,,,6.0,,,False,gps,gps,,Venezia,Veneto,Italy,Veneto,Venezia,Polypore écailleux,Cerioporus squamosus,Dryad's Saddle,Fungi,940028,Fungi,Basidiomycota,Agaricomycotina,,Agaricomycetes,,,Polyporales,,,Polyporaceae,,,,,Cerioporus,,Cerioporus squamosus,,,,,thing being eaten,https://www.inaturalist.org/observations/115945882,,195682488,obs_115944573_photo_195682488
184932586,ed527018-9b74-497a-8406-48f7b10c9fdd,2023-09-25 15:23:25-07:00,2023-09-25,2023-09-25 22:23:25 UTC,Pacific Time (US & Canada),728554,rainhead,Peter Abrahamsen,2023-09-25 22:23:44 UTC,2025-04-04 17:39:26 UTC,research,CC-BY,https://www.inaturalist.org/observations/184932586,https://inaturalist-open-data.s3.amazonaws.com/photos/322881815/medium.jpg,,,,1,0,False,3.0,"Ravenna Park, Seattle, WA, US",47.6710391138,-122.3045078737,11.0,,,,11.0,,,False,,,,King,Washington,United States,Washington,King,hare's foot inkcap,Coprinopsis lagopus,hare's foot inkcap,Fungi,55605,Fungi,Basidiomycota,Agaricomycotina,,Agaricomycetes,Agaricomycetidae,,Agaricales,Agaricineae,,Psathyrellaceae,,,,,Coprinopsis,,Coprinopsis lagopus,,,,,organism being eaten,https://www.inaturalist.org/observations/185044798,"No, none of these",322881815,obs_184932586_photo_322881815
192308778,47728bda-1cce-43ea-a578-644242b370d4,2023/11/18 6:38 PM,2023-11-18,2023-11-19 02:38:00 UTC,Pacific Time (US & Canada),3746806,kyle_eaton_photography,Kyle Eaton,2023-11-27 07:33:27 UTC,2025-03-31 06:41:09 UTC,research,CC-BY-NC,https://www.inaturalist.org/observations/192308778,https://inaturalist-open-data.s3.amazonaws.com/photos/337565887/medium.jpeg,,"dslr, in tree, in Carob Tree, Irvine Park, Irvine Regional Park, OC, Orange, Photo Hike, fall, Fall 2023, 2023, night, food, Native, bioblitz, Common, mushroom","This small Western Hardwood Sulfur Shelf mushroom is growing out of the trunk of a Carob Tree, about 10 feet up. There was a more complete mushroom further down the trunk, which I observed separately here: https://www.inaturalist.org/observations/192295499. It was being eaten by Yellow Cellar Slugs.

Host plant: https://www.inaturalist.org/observations/201517099

I've previously observed 2 of these mushrooms here in the past, so perhaps this is the same colony: https://www.inaturalist.org/observations?nelat=33.794708185211&nelng=-117.74926735770939&place_id=any&subview=map&swlat=33.79456329931911&swlng=-117.74943633687732&taxon_id=47170&user_id=kyle_eaton_photography&verifiable=any

These photos were edited to have a Custom White Balance (Photoshop's preset).",1,0,False,,"Orange County, CA, USA",33.7946364787,-117.7493531866,1.0,,,,1.0,,,False,,,,Orange,California,United States,California,Orange,Western Hardwood Sulphur Shelf,Laetiporus gilbertsonii,Western Hardwood Sulphur Shelf,Fungi,120154,Fungi,Basidiomycota,Agaricomycotina,,Agaricomycetes,,,Polyporales,,,Laetiporaceae,,,,,Laetiporus,,Laetiporus gilbertsonii,,,,,organism being eaten,https://www.inaturalist.org/observations/192308779,"No, none of these",337565887,obs_192308778_photo_337565887
218648707,b5f8f360-6a9f-49aa-b956-0b4d36785131,2024-05-25 15:31:40-06:00,2024-05-25,2024-05-25 21:31:40 UTC,Pacific Time (US & Canada),63834,teamtzibim,TeamTzibim,2024-05-27 14:48:27 UTC,2024-10-13 06:28:43 UTC,research,CC-BY-NC,https://www.inaturalist.org/observations/218648707,https://inaturalist-open-data.s3.amazonaws.com/photos/386921148/medium.jpg,,,,2,1,False,,"California, US",37.8346528448,-122.1582491159,3004.0,,,,28329.0,obscured,,True,,,,Alameda,California,United States,California,Alameda,Stereum ochraceoflavum,Stereum ochraceoflavum,,Fungi,118107,Fungi,Basidiomycota,Agaricomycotina,,Agaricomycetes,,,Russulales,,,Stereaceae,,,,,Stereum,,Stereum ochraceoflavum,,,,,organism being eaten,https://www.inaturalist.org/observations/218642870,"No, none of these",386921148,obs_218648707_photo_386921148
222155722,03917afc-d529-4daf-839d-ac43d0bd351a,2021/03/27 1:28 PM,2021-03-27,2021-03-27 18:28:00 UTC,Central Time (US & Canada),451802,teakettle_wren,Lisa Appelbaum,2024-06-12 01:43:47 UTC,2025-04-05 09:59:53 UTC,research,CC-BY-NC,https://www.inaturalist.org/observations/222155722,https://inaturalist-open-data.s3.amazonaws.com/photos/393488930/medium.jpeg,,,"multiple brackets on the same log

observation for the beetles in the last photo: https://www.inaturalist.org/observations/222158068",1,0,False,,"Texas, US",30.4548993072,-94.2162980713,15.0,,,,29356.0,obscured,,True,,,,Tyler,Texas,United States,Texas,Tyler,Latte Bracket,Trametes lactinea,Latte Bracket,Fungi,328305,Fungi,Basidiomycota,Agaricomycotina,,Agaricomycetes,,,Polyporales,,,Polyporaceae,,,,,Trametes,,Trametes lactinea,,,,,organism being eaten,https://www.inaturalist.org/observations/222158068,"No, none of these",393488930,obs_222155722_photo_393488930
257895121,3ade34c8-4420-4f13-8a01-b9fc075bdc64,2024-09-30 08:46:17-06:00,2024-09-30,2024-09-30 14:46:17 UTC,Mexico City,63834,teamtzibim,TeamTzibim,2025-01-09 05:05:51 UTC,2025-04-09 14:07:20 UTC,research,CC-BY-NC,https://www.inaturalist.org/observations/257895121,https://inaturalist-open-data.s3.amazonaws.com/photos/462644779/medium.jpg,,,,1,0,False,3.0,"Vivero Coyoacán, Coyoacán, CDMX, MX",19.3543083333,-99.1702283333,139.0,,,,139.0,,,False,,,Zona Metropolitana,Coyoacán,Distrito Federal,Mexico,Distrito Federal,Coyoacán,Hongo temblón amarillo,Tremella mesenterica,witch's butter,Fungi,48529,Fungi,Basidiomycota,Agaricomycotina,,Tremellomycetes,,,Tremellales,,,Tremellaceae,,,,,Tremella,,Tremella mesenterica,,,,,organism being eaten,https://www.inaturalist.org/observations/258038107,"No, none of these",462644779,obs_257895121_photo_462644779
10686,6662b18b-6343-460b-90e8-d494df9766e8,2006-07-01,2006-07-01,,Eastern Time (US & Canada),520,johnnybirder,Johnny Wilson,2011-01-30 15:03:49 UTC,2025-04-15 14:47:51 UTC,research,CC-BY-NC,http://www.inaturalist.org/observations/10686,https://static.inaturalist.org/photos/22224/medium.JPG,,,House mice on Gough Island have learnt to eat seabirds. Even Albatrosses are now threatened with extinction from mouse predation!,7,0,False,,Gough Island,-40.349431,-9.880431,6.0,,,,6.0,,open,False,,,,Tristan da Cunha,Tristan da Cunha,Saint Helena,Tristan da Cunha,Tristan da Cunha,House Mouse,Mus musculus,House Mouse,Mammalia,44705,Animalia,Chordata,Vertebrata,,Mammalia,Theria,Euarchontoglires,Rodentia,Myomorpha,Muroidea,Muridae,Murinae,,Murini,,Mus,,Mus musculus,,,,,eater,https://www.inaturalist.org/observations/1766953,"No, none of these",22224,obs_10686_photo_22224
338604,c127ae38-c311-40bb-bc5f-2e48d8e02c59,2012-08-19 8:00 AM,2012-08-19,2012-08-19 13:00:00 UTC,Central Time (US & Canada),17056,fvaldesp_tutor,Francisco Valdes Perezgasga,2013-07-19 22:24:55 UTC,2024-11-01 13:37:56 UTC,research,CC-BY-NC-ND,http://conabio.inaturalist.org/observations/338604,https://inaturalist-open-data.s3.amazonaws.com/photos/421440/medium.jpg,,"Geococcyx californianus, Passer domesticus, Torreón, Coahuila, Río Nazas","Correcaminos que atacó, cazó y se comió a un chilero joven <i>Passer domesticus</i> en el lecho seco del Río Nazas en Torreón, Coahuila.",5,0,False,,"Lecho seco del Nazas, Torreon, Coahuila, Mexico",25.557155,-103.453939,15.0,,,,15.0,,open,False,,,Fagáceas del Noreste de México ,Torreón,Coahuila,Mexico,Coahuila,Torreón,Correcaminos norteño,Geococcyx californianus,Greater Roadrunner,Aves,1986,Animalia,Chordata,Vertebrata,,Aves,,,Cuculiformes,,,Cuculidae,Neomorphinae,,,,Geococcyx,,Geococcyx californianus,,,,,eater,,"No, none of these",421440,obs_338604_photo_421440
414645,8900f5f2-3c54-4397-b215-7033ab0c0e4b,1988-07-13,1988-07-13,,Harare,23072,i_c_riddell,,2013-10-02 08:14:16 UTC,2024-11-23 09:16:18 UTC,research,CC-BY,http://www.inaturalist.org/observations/414645,https://inaturalist-open-data.s3.amazonaws.com/photos/521779/medium.jpg,,,found lying in open on short grass. Cause of death unknown but during latter part of night.Tail damaged which made subcaudal count inexact but 28 considered very close.,1,0,False,,Mana Pools National Park,-15.836848,29.146428,100.0,,,,100.0,,open,False,,,,Hurungwe,Mashonaland West,Zimbabwe,Mashonaland West,Hurungwe,Cape Wolf Snake,Lycophidion capense,Cape Wolf Snake,Reptilia,29508,Animalia,Chordata,Vertebrata,,Reptilia,,,Squamata,Serpentes,,Lamprophiidae,,,,,Lycophidion,,Lycophidion capense,,,,,eater,https://www.inaturalist.org/observations/414707,,521779,obs_414645_photo_521779
414707,f71bf6a5-7cc2-49c3-b5dd-df5716f5cb32,1988-07-13,1988-07-13,,Harare,23072,i_c_riddell,,2013-10-02 08:47:17 UTC,2024-11-23 08:58:29 UTC,research,CC-BY,http://www.inaturalist.org/observations/414707,https://inaturalist-open-data.s3.amazonaws.com/photos/521820/medium.jpg,,,Refers to record of Cape Wolf Snake this date & locality. Found in snake's stomach,2,0,False,,Mana Pools National Park,-15.836848,29.146428,,,,,,,open,False,,,,Hurungwe,Mashonaland West,Zimbabwe,Mashonaland West,Hurungwe,Sundevall's Writhing Skink,Mochlus sundevallii,Sundevall's Writhing Skink,Reptilia,37932,Animalia,Chordata,Vertebrata,,Reptilia,,,Squamata,Sauria,,Scincidae,Lygosominae,,,,Mochlus,,Mochlus sundevallii,,,,,thing being eaten,https://www.inaturalist.org/observations/414645,,521820,obs_414707_photo_521820
420386,56bf357d-9c01-4e0a-8cdb-a4f7aa548081,2013-10-06 15:10:40,2013-10-06,2013-10-06 19:10:40 UTC,Eastern Time (US & Canada),12796,scadwell,Suzanne Cadwell,2013-10-06 22:55:37 UTC,2024-12-27 09:09:20 UTC,research,CC-BY-NC,http://www.inaturalist.org/observations/420386,https://inaturalist-open-data.s3.amazonaws.com/photos/529902/medium.jpg,,,"Constricting what appears to be Nerodia erythrogaster.

Mason Farm Biological Preserve, Orange/Durham Counties, NC",5,0,False,,"North Carolina, US",35.9022634597,-79.0863347296,495.0,,,,28620.0,,obscured,True,,manual,,Orange,North Carolina,United States,North Carolina,Orange,Eastern Kingsnake,Lampropeltis getula,Eastern Kingsnake,Reptilia,29813,Animalia,Chordata,Vertebrata,,Reptilia,,,Squamata,Serpentes,,Colubridae,Colubrinae,,,,Lampropeltis,,Lampropeltis getula,,,,,,,,529902,obs_420386_photo_529902
424251,0b5b8c21-ad63-4df2-ab19-58fcee183bec,Thu Oct 10 2013 10:18:40 GMT-0500 (CDT),2013-10-10,2013-10-10 15:18:40 UTC,Central Time (US & Canada),24055,flemingsafaris,,2013-10-10 15:25:43 UTC,2025-04-01 21:24:03 UTC,research,CC-BY-NC,http://www.inaturalist.org/observations/424251,https://inaturalist-open-data.s3.amazonaws.com/photos/534568/medium.jpg,,,Black and Yellow Argiope spider eating house lizard.,12,0,False,3.0,"554 N Main St, Buda, TX, US",30.085165,-97.840715,,,,,,,open,False,,,,Hays,Texas,United States,Texas,Hays,Mediterranean House Gecko,Hemidactylus turcicus,Mediterranean House Gecko,Reptilia,34435,Animalia,Chordata,Vertebrata,,Reptilia,,,Squamata,Sauria,,Gekkonidae,,,,,Hemidactylus,,Hemidactylus turcicus,,,,,organism being eaten,,"No, none of these",534568,obs_424251_photo_534568
465679,4b178d06-2eb0-4d39-aa4b-4b7c33e85972,2013-07-02,2013-07-02,,Harare,23072,i_c_riddell,,2013-11-23 13:49:46 UTC,2024-09-13 07:35:43 UTC,research,CC-BY,http://www.inaturalist.org/observations/465679,https://inaturalist-open-data.s3.amazonaws.com/photos/587403/medium.jpg,,,a pair fishing in stream,2,0,False,,"Mashonaland East, ZW",-17.6235693922,31.2169222415,,,,,30716.0,,obscured,True,,,,Goromonzi,Mashonaland East,Zimbabwe,Mashonaland East,Goromonzi,Cape Clawless Otter,Aonyx capensis capensis,Cape Clawless Otter,Mammalia,697783,Animalia,Chordata,Vertebrata,,Mammalia,Theria,Laurasiatheria,Carnivora,,,Mustelidae,Lutrinae,,,,Aonyx,,Aonyx capensis,,Aonyx capensis capensis,,,eater,https://www.inaturalist.org/observations/66466718,,587403,obs_465679_photo_587403
13376692,45e6f0a5-3069-4daa-8cdd-eaf2143b4fc6,2018/06/12 12:06 PM PDT,2018-06-12,2018-06-12 19:06:00 UTC,Pacific Time (US & Canada),300689,ewrunn1ng,Eric Running,2018-06-12 21:54:58 UTC,2024-02-04 14:35:04 UTC,research,CC-BY-NC,https://www.inaturalist.org/observations/13376692,https://inaturalist-open-data.s3.amazonaws.com/photos/19611761/medium.jpg,,,In the process of eating a Purple Shore Crab.,1,0,False,,"Northwest Seattle, Seattle, WA, USA",47.7139749567,-122.3782821881,31.0,,,,31.0,,,False,,,,King,Washington,United States,Washington,King,Aggregating Anemone,Anthopleura elegantissima,Aggregating Anemone,Animalia,52564,Animalia,Cnidaria,,,Anthozoa,Hexacorallia,,Actiniaria,Enthemonae,Actinioidea,Actiniidae,,,,,Anthopleura,,Anthopleura elegantissima,,,,,eater,https://www.inaturalist.org/observations/13376691,"No, none of these",19611761,obs_13376692_photo_19611761
194795499,9e13565e-c6d3-4609-910f-d318e1de8c9c,2023/12/16 8:38 AM,2023-12-16,2023-12-16 16:38:00 UTC,Pacific Time (US & Canada),450897,tedjudah,Ted Judah,2023-12-25 06:35:37 UTC,2025-05-03 05:02:27 UTC,research,CC-BY-NC,https://www.inaturalist.org/observations/194795499,https://inaturalist-open-data.s3.amazonaws.com/photos/341224314/medium.png,,,This mola was caught in this anemone. What type of anemone is it?,2,0,False,,"Monterey County, CA, USA",36.6392699404,-121.9221794234,116.0,,,,116.0,,,False,,,Pacific Grove,Monterey,California,United States,California,Monterey,Sand Rose Anemone,Urticina columbiana,Sand Rose Anemone,Animalia,479764,Animalia,Cnidaria,,,Anthozoa,Hexacorallia,,Actiniaria,Enthemonae,Actinioidea,Actiniidae,,,,,Urticina,,Urticina columbiana,,,,,eater,https://www.inaturalist.org/observations/194165892,"No, none of these",341224314,obs_194795499_photo_341224314
10317797,862d9bd6-8f91-4bc9-812a-27504cc325a5,2018/03/19 1:08 PM PDT,2018-03-19,2018-03-19 20:08:00 UTC,Pacific Time (US & Canada),300689,ewrunn1ng,Eric Running,2018-03-20 00:06:56 UTC,2024-01-27 04:09:05 UTC,research,CC-BY-NC,https://www.inaturalist.org/observations/10317797,https://inaturalist-open-data.s3.amazonaws.com/photos/14298032/medium.jpg,,,"Upon exiting the Seattle Aquarium, I encountered a Western Gull attempting to make a meal of a small Leather Star on the deck of Pier 60.",1,0,False,,"King, Washington, United States",47.6107749722,-122.3426208333,,,,,,,,False,,,,King,Washington,United States,Washington,King,Leather Star,Dermasterias imbricata,Leather Star,Animalia,63382,Animalia,Echinodermata,Asterozoa,,Asteroidea,,Valvatacea,Valvatida,,,Asteropseidae,,,,,Dermasterias,,Dermasterias imbricata,,,,,organism being eaten,https://www.inaturalist.org/observations/10317798,"No, none of these",14298032,obs_10317797_photo_14298032
131953321,2adeb07e-e480-4d05-8400-cb785efcee65,2022/08/22 8:36 AM,2022-08-22,2022-08-22 15:36:00 UTC,Pacific Time (US & Canada),300689,ewrunn1ng,Eric Running,2022-08-23 00:10:33 UTC,2024-04-04 23:16:09 UTC,research,CC-BY-NC,https://www.inaturalist.org/observations/131953321,https://inaturalist-open-data.s3.amazonaws.com/photos/224633498/medium.jpeg,,,,1,0,False,,"Seattle, WA, USA",47.6052154265,-122.3406041468,1.0,,,,1.0,,,False,,,,King,Washington,United States,Washington,King,Mottled Star,Evasterias troschelii,Mottled Star,Animalia,84265,Animalia,Echinodermata,Asterozoa,,Asteroidea,,Forcipulatacea,Forcipulatida,,,Asteriidae,,,,,Evasterias,,Evasterias troschelii,,,,,organism being eaten,https://www.inaturalist.org/observations/131953320,"No, none of these",224633498,obs_131953321_photo_224633498
138339520,46383e5a-9431-43aa-9a20-82a76466978e,2022/10/08 4:09 PM,2022-10-08,2022-10-08 23:09:00 UTC,Pacific Time (US & Canada),2248610,sandor_in,,2022-10-11 01:49:57 UTC,2024-12-12 22:20:37 UTC,research,CC-BY-NC,https://www.inaturalist.org/observations/138339520,https://inaturalist-open-data.s3.amazonaws.com/photos/236424624/medium.jpeg,,,Feeding on the California Mussels (https://www.inaturalist.org/observations/138339521) up as high as they can without being exposed above the tide for too long.,2,0,False,,"San Mateo County, CA, USA",37.598403304,-122.515417541,2.0,,,,2.0,,,False,,,,San Mateo,California,United States,California,San Mateo,Ochre Sea Star,Pisaster ochraceus,Ochre Sea Star,Animalia,49699,Animalia,Echinodermata,Asterozoa,,Asteroidea,,Forcipulatacea,Forcipulatida,,,Asteriidae,,,,,Pisaster,,Pisaster ochraceus,,,,,eater,https://www.inaturalist.org/observations/138339521,"No, none of these",236424624,obs_138339520_photo_236424624
220822650,de7142c2-ce77-42fa-a30f-90a089079ead,2024/06/05 12:14 PM,2024-06-05,2024-06-05 19:14:00 UTC,Pacific Time (US & Canada),300689,ewrunn1ng,Eric Running,2024-06-06 04:17:02 UTC,2024-06-06 04:44:16 UTC,research,CC-BY-NC,https://www.inaturalist.org/observations/220822650,https://inaturalist-open-data.s3.amazonaws.com/photos/391000325/medium.jpeg,,,,1,0,False,,"Seattle, WA, USA",47.7134710365,-122.3797513432,122.0,,,,122.0,,,False,,,,King,Washington,United States,Washington,King,Orange Sea Cucumber,Cucumaria miniata,Orange Sea Cucumber,Animalia,117695,Animalia,Echinodermata,Echinozoa,,Holothuroidea,Actinopoda,,Dendrochirotida,,,Cucumariidae,,,,,Cucumaria,,Cucumaria miniata,,,,,organism being eaten,https://www.inaturalist.org/observations/220822649,"No, none of these",391000325,obs_220822650_photo_391000325
232490674,9b037f91-74e9-4d1e-9a55-f2a4c94392d3,2024/07/22 9:15 AM,2024-07-22,2024-07-22 08:15:00 UTC,London,8190986,jfeehan,James Feehan,2024-07-29 14:03:42 UTC,2025-05-16 02:34:57 UTC,research,CC-BY-NC,https://www.inaturalist.org/observations/232490674,https://inaturalist-open-data.s3.amazonaws.com/photos/413182783/medium.jpg,,,,1,0,False,,"National Trust - Lantic Bay, Polruan, Fowey PL23 1NP, UK",50.328248,-4.604249,20.0,,,,20.0,,,False,,,,Cornwall,England,United Kingdom,England,Cornwall,Asterias rubens,Asterias rubens,Common Sea Star,Animalia,120138,Animalia,Echinodermata,Asterozoa,,Asteroidea,,Forcipulatacea,Forcipulatida,,,Asteriidae,,,,,Asterias,,Asterias rubens,,,,,organism being eaten,https://www.inaturalist.org/observations/233575312,"No, none of these",413182783,obs_232490674_photo_413182783
254357079,8cad6500-fb74-4032-bdda-a407a1d79a0b,2024/11/29 3:58 PM,2024-11-29,2024-11-29 23:58:00 UTC,Pacific Time (US & Canada),2248610,sandor_in,,2024-12-07 01:51:13 UTC,2025-04-14 08:06:07 UTC,research,CC-BY-NC,https://www.inaturalist.org/observations/254357079,https://inaturalist-open-data.s3.amazonaws.com/photos/455520435/medium.jpeg,,,"Apparently being devouring by a sea anenome, listed here:
https://www.inaturalist.org/observations/254357078
with a second photo.",1,0,False,,"San Mateo County, CA, USA",37.5111894358,-122.5109236356,,,,,,,,False,,,,San Mateo,California,United States,California,San Mateo,Pacific Purple Sea Urchin,Strongylocentrotus purpuratus,Pacific Purple Sea Urchin,Animalia,48035,Animalia,Echinodermata,Echinozoa,,Echinoidea,Euechinoidea,,Camarodonta,,Odontophora,Strongylocentrotidae,,,,,Strongylocentrotus,,Strongylocentrotus purpuratus,,,,,organism being eaten,https://www.inaturalist.org/observations/254357078,Scavenging,455520435,obs_254357079_photo_455520435
4977021,17cdba4b-4403-4fb7-b5ad-d0a9ee3dd6c0,2012-11-18 12:07:46,2012-11-18,2012-11-18 01:07:46 UTC,Sydney,357375,richardling,Richard Ling,2017-01-20 14:21:54 UTC,2024-10-03 13:01:16 UTC,research,CC-BY-NC,https://www.inaturalist.org/observations/4977021,https://inaturalist-open-data.s3.amazonaws.com/photos/6076028/medium.jpg,,"Mollusca, mollusc, Cephalopoda, cephalopod, Octopoda, octopus, Octopodidae, Octopus, Octopus tetricus, Gloomy Octopus, Chordata, Actinopterygii, fish, Tetraodontiformes, Monacanthidae, filefish, leatherjacket, Monacanthus, Monacanthus chinensis, Fan-bellied Leatherjacket",A Gloomy Octopus (Octopus tetricus) eating a Fan-bellied Leatherjacket (Monacanthus chinensis),1,0,False,134.0,"Clifton Gardens, Mosman, NSW",-33.839763,151.25323,100.0,,,,100.0,,open,False,,,,Mosman,New South Wales,Australia,New South Wales,Mosman,Common Sydney octopus,Octopus tetricus,Common Sydney Octopus,Mollusca,343444,Animalia,Mollusca,,,Cephalopoda,Coleoidea,Octopodiformes,Octopoda,Incirrata,Octopodoidea,Octopodidae,,,,,Octopus,,Octopus tetricus,,,,,eater,https://www.inaturalist.org/observations/4977020,"No, none of these",6076028,obs_4977021_photo_6076028
10042362,fd5a6b1c-c4a3-4150-ad1b-40ea63717559,2018/02/28 3:46 PM CAT,2018-02-28,2018-02-28 14:46:00 UTC,West Central Africa,23072,i_c_riddell,,2018-03-01 10:20:33 UTC,2020-12-10 12:24:12 UTC,research,CC-BY,https://www.inaturalist.org/observations/10042362,https://inaturalist-open-data.s3.amazonaws.com/photos/13817684/medium.jpg,,"Zimbabwe, Harare, feeding, fungi, Gastropoda, slug, mushroom, Urocyclidae",Mottling had faded considerably when same slug seen c.10 minutes later,2,0,False,,"Harare, Zimbabwe",-17.81164,31.080963,,,,,,,,False,,,,Harare,Harare,Zimbabwe,Harare,Harare,Polytoxon robustum,Polytoxon robustum,,Mollusca,635733,Animalia,Mollusca,,,Gastropoda,Heterobranchia,Eupulmonata,Stylommatophora,Helicina,Helicarionoidea,Urocyclidae,Urocyclinae,,Urocyclini,,Polytoxon,,Polytoxon robustum,,,,,eater,https://www.inaturalist.org/observations/66371463,,13817684,obs_10042362_photo_13817684
13339379,8a9df62e-0615-4153-aed8-48be853c1a0d,Mon Jun 11 2018 09:28:31 GMT-0400 (EDT),2018-06-11,2018-06-11 13:28:31 UTC,Eastern Time (US & Canada),760339,sharrow-sparrow,Ty Sharrow,2018-06-11 18:04:29 UTC,2021-03-13 20:24:49 UTC,research,CC-BY-NC-SA,https://www.inaturalist.org/observations/13339379,https://inaturalist-open-data.s3.amazonaws.com/photos/19546255/medium.jpg,,,,1,0,False,3.0,"Beltzville State Park, Lehighton, PA, US",40.861780587,-75.6328883752,161.0,,,,161.0,,,False,,,,Carbon,Pennsylvania,United States,Pennsylvania,Carbon,Toga Mantleslug,Philomycus togatus,Toga Mantleslug,Mollusca,227771,Animalia,Mollusca,,,Gastropoda,Heterobranchia,Eupulmonata,Stylommatophora,Helicina,Arionoidea,Philomycidae,,,,,Philomycus,,Philomycus togatus,,,,,eater,https://www.inaturalist.org/observations/13339396,,19546255,obs_13339379_photo_19546255
13466689,f46a7216-dcf2-4422-ab12-5bc30fe17981,2018/06/15 11:04 AM PDT,2018-06-15,2018-06-15 18:04:00 UTC,Pacific Time (US & Canada),300689,ewrunn1ng,Eric Running,2018-06-16 00:37:06 UTC,2024-01-27 04:49:05 UTC,research,CC-BY-NC,https://www.inaturalist.org/observations/13466689,https://inaturalist-open-data.s3.amazonaws.com/photos/19770562/medium.jpg,,,Being attacked by an Olympic Gull on the beach during a minus 3.5 foot tide,1,0,False,,"Ballard, Seattle, WA, USA",47.6954841389,-122.4052963056,,,,,,,,False,,,,King,Washington,United States,Washington,King,Lewis' Moon Snail,Neverita lewisii,Lewis's Moon Snail,Mollusca,447427,Animalia,Mollusca,,,Gastropoda,Caenogastropoda,,Littorinimorpha,,Naticoidea,Naticidae,Polinicinae,,,,Neverita,,Neverita lewisii,,,,,organism being eaten,https://www.inaturalist.org/observations/13466688,"No, none of these",19770562,obs_13466689_photo_19770562
44675375,483f2969-5427-498e-b08a-7e8ea18cc4d9,2020-05-02 5:10:50 PM PDT,2020-05-02,2020-05-03 00:10:50 UTC,Pacific Time (US & Canada),300689,ewrunn1ng,Eric Running,2020-05-03 01:38:50 UTC,2024-09-05 01:19:18 UTC,research,CC-BY-NC,https://www.inaturalist.org/observations/44675375,https://inaturalist-open-data.s3.amazonaws.com/photos/70829028/medium.jpeg,,,Feeding on Wolf's Milk.,0,0,False,2.0,"North Beach/ Blue Ridge, Seattle, WA, USA",47.7064093333,-122.3638942222,,,,,,,open,False,gps,gps,,King,Washington,United States,Washington,King,Black Slug,Arion ater,Black Slug,Mollusca,82003,Animalia,Mollusca,,,Gastropoda,Heterobranchia,Eupulmonata,Stylommatophora,Helicina,Arionoidea,Arionidae,,,,,Arion,,Arion ater,,,,,eater,https://www.inaturalist.org/observations/44675216,"No, none of these",70829028,obs_44675375_photo_70829028
62278764,66cea4da-79f5-42dc-b9c4-e8559b8e2e4a,2020/10/11 7:05 AM SAST,2020-10-11,2020-10-11 05:05:00 UTC,Pretoria,528390,sallyslak,Sally Adam,2020-10-11 08:27:32 UTC,2023-12-12 18:16:08 UTC,research,CC-BY-NC,https://www.inaturalist.org/observations/62278764,https://inaturalist-open-data.s3.amazonaws.com/photos/99765773/medium.jpeg,,,,2,0,False,,"South Cape DC, South Africa",-33.9216666667,22.0552777778,50.0,,,,50.0,,,False,,,,Mossel,Western Cape,South Africa,Western Cape,Eden,Afrorhytida kraussi kraussi,Afrorhytida kraussi kraussi,,Mollusca,1104024,Animalia,Mollusca,,,Gastropoda,Heterobranchia,Eupulmonata,Stylommatophora,Helicina,Rhytidoidea,Rhytididae,Chlamydephorinae,,,,Afrorhytida,,Afrorhytida kraussi,,Afrorhytida kraussi kraussi,,,eater,https://www.inaturalist.org/observations/182451840,"No, none of these",99765773,obs_62278764_photo_99765773
62498833,1c2d9d52-252a-43ec-867c-1c36cdd96fbe,2020/10/11 10:40 AM SAST,2020-10-11,2020-10-11 08:40:00 UTC,Pretoria,659922,magdastlucia,,2020-10-13 18:20:06 UTC,2021-08-04 21:13:19 UTC,research,CC-BY-NC,https://www.inaturalist.org/observations/62498833,https://inaturalist-open-data.s3.amazonaws.com/photos/100137946/medium.jpg,,,"See plant  https://www.inaturalist.org/observations/62498831
See galling agent  https://www.inaturalist.org/observations/62498835",4,0,False,,"Amatikulu, South Africa",-29.1119,31.5915,250.0,,,,250.0,,,False,,,,Mtunzini,KwaZulu-Natal,South Africa,KwaZulu-Natal,iLembe,Elisolimax flavescens,Elisolimax flavescens,African Banana Slug,Mollusca,566626,Animalia,Mollusca,,,Gastropoda,Heterobranchia,Eupulmonata,Stylommatophora,Helicina,Helicarionoidea,Urocyclidae,Urocyclinae,,Urocyclini,,Elisolimax,,Elisolimax flavescens,,,,,eater,https://www.inaturalist.org/observations/62498831,,100137946,obs_62498833_photo_100137946
44675216,28892b2a-de1f-401f-82f0-9695f9a8d465,2020-05-02 5:10:40 PM PDT,2020-05-02,2020-05-03 00:10:40 UTC,Pacific Time (US & Canada),300689,ewrunn1ng,Eric Running,2020-05-03 01:36:05 UTC,2024-02-07 21:23:41 UTC,research,CC-BY-NC,https://www.inaturalist.org/observations/44675216,https://inaturalist-open-data.s3.amazonaws.com/photos/70828695/medium.jpeg,,,,1,0,False,2.0,"North Beach/ Blue Ridge, Seattle, WA, USA",47.7063990278,-122.3638974167,,,,,,,,False,gps,gps,,King,Washington,United States,Washington,King,Wolf's Milk,Lycogala epidendrum,Wolf's Milk,Protozoa,47680,Protozoa,Mycetozoa,,,Myxomycetes,Lucisporomycetidae,Trichiidia,Reticulariales,,,Reticulariaceae,,,,,Lycogala,,Lycogala epidendrum,,,,,organism being eaten,https://www.inaturalist.org/observations/44675375,"No, none of these",70828695,obs_44675216_photo_70828695
258568965,3243582f-bc76-4fb8-b7c1-fa01b786dc49,2024-10-31 08:26:48-06:00,2024-10-31,2024-10-31 14:26:48 UTC,Mexico City,63834,teamtzibim,TeamTzibim,2025-01-15 15:52:09 UTC,2025-04-12 07:29:08 UTC,research,CC-BY-NC,https://www.inaturalist.org/observations/258568965,https://inaturalist-open-data.s3.amazonaws.com/photos/463949052/medium.jpg,,,,1,0,False,3.0,"Vivero Coyoacán, Coyoacán, CDMX, MX",19.35513,-99.16967,4.0,,,,4.0,,,False,,,Zona Metropolitana,Coyoacán,Distrito Federal,Mexico,Distrito Federal,Coyoacán,Reticularia,Reticularia,,Protozoa,126272,Protozoa,Mycetozoa,,,Myxomycetes,Lucisporomycetidae,Trichiidia,Reticulariales,,,Reticulariaceae,,,,,Reticularia,,,,,,,organism being eaten,https://www.inaturalist.org/observations/258740184,"No, none of these",463949052,obs_258568965_photo_463949052
228958448,b7ce15ff-4d13-4d94-be39-c773f1a976a2,2024-07-13,2024-07-13,,Eastern Time (US & Canada),3377468,froggymum,,2024-07-13 04:17:48 UTC,2025-03-23 12:18:54 UTC,research,CC-BY,https://www.inaturalist.org/observations/228958448,https://static.inaturalist.org/photos/406367945/medium.jpeg,,,This observation is for the virus on this house finch. Feeder has been cleaned and disinfected. ,1,0,False,2.0,Clarksville,39.2061831445,-76.9455663487,6735.0,,,,6735.0,,,False,gps,gps,,Howard,Maryland,United States,Maryland,Howard,Avian pox viruses,Avipoxvirus,Avian pox viruses,,484645,Viruses,Nucleocytoviricota,,,Pokkesviricetes,,,Chitovirales,,,Poxviridae,Chordopoxvirinae,,,,Avipoxvirus,,,,,,,organism being eaten,,Parasitism,406367945,obs_228958448_photo_406367945
102691691,8c54b872-0013-4f7b-aec6-777bcd99632f,2021/12/04 4:59 PM PST,2021-12-04,2021-12-05 00:59:00 UTC,Pacific Time (US & Canada),2248610,sandor_in,,2021-12-08 01:43:33 UTC,2023-12-21 00:15:58 UTC,research,CC-BY-NC,https://www.inaturalist.org/observations/102691691,https://inaturalist-open-data.s3.amazonaws.com/photos/171703626/medium.jpeg,,,"There are some Seaweed Limpets on the kelp listed here:
https://www.inaturalist.org/observations/102691688
https://www.inaturalist.org/observations/102691689
https://www.inaturalist.org/observations/102691690
",1,0,False,,"San Mateo County, CA, USA",37.1448427721,-122.3487366616,2.0,,,,2.0,,,False,,,,San Mateo,California,United States,California,San Mateo,Feather Boa Kelp,Egregia menziesii,Feather Boa Kelp,Chromista,67419,Chromista,Ochrophyta,,,Phaeophyceae,Fucophycidae,,Laminariales,,,Lessoniaceae,,,,,Egregia,,Egregia menziesii,,,,,organism being eaten,https://www.inaturalist.org/observations/102691689,"No, none of these",171703626,obs_102691691_photo_171703626
105486552,a342edc0-af8f-4c53-8ed8-30d33c980ce5,2022/01/22 10:22 PM NZDT,2022-01-22,2022-01-22 09:22:00 UTC,Auckland,1354819,schneehagen,Uwe Schneehagen,2022-01-24 06:20:10 UTC,2025-01-31 03:26:09 UTC,research,CC-BY-SA,https://www.inaturalist.org/observations/105486552,https://inaturalist-open-data.s3.amazonaws.com/photos/177001423/medium.jpeg,,,The Miotopus diversus is feeding on the Peripatoides novaezealandiae.,1,0,False,,"Wilton, Wellington, Neuseeland",-41.2668244924,174.7560321312,8.0,,,,8.0,,,False,,,Wellington City,Wellington,Wellington,New Zealand,Wellington,Wellington,Peripatoides novaezealandiae,Peripatoides novaezealandiae,New Zealand peripatus,Animalia,394827,Animalia,Onychophora,,,,,,,,,Peripatopsidae,,,,,Peripatoides,,Peripatoides novaezealandiae,,,,,thing being eaten,,,177001423,obs_105486552_photo_177001423
264953671,e531ec6b-1578-431b-aa29-101e762ac0da,2025/02/25 03:38,2025-02-25,2025-02-25 01:38:00 UTC,Pretoria,1309693,sknyazev,Svyatoslav Knyazev,2025-03-11 17:47:00 UTC,2025-03-19 14:15:43 UTC,research,CC-BY,https://www.inaturalist.org/observations/264953671,https://inaturalist-open-data.s3.amazonaws.com/photos/475827468/medium.jpeg,,,,1,0,False,,перевал принца Альфреда,-33.7583158581,23.1614806611,15.0,,,,15.0,,,False,,,,Uniondale,Western Cape,South Africa,Western Cape,Eden,Peripatopsis orientalis,Peripatopsis orientalis,Eastern Forest Velvetworm,Animalia,1576827,Animalia,Onychophora,,,,,,,,,Peripatopsidae,,,,,Peripatopsis,,Peripatopsis orientalis,,,,,eater,,"No, none of these",475827468,obs_264953671_photo_475827468
89418103,de893993-39ca-452c-84a1-af28f040bced,2021/06/20 11:35 PM PDT,2021-06-20,2021-06-21 06:35:00 UTC,Pacific Time (US & Canada),3746806,kyle_eaton_photography,Kyle Eaton,2021-08-01 01:33:03 UTC,2025-02-19 08:23:37 UTC,research,CC-BY-NC,https://www.inaturalist.org/observations/89418103,https://inaturalist-open-data.s3.amazonaws.com/photos/147652109/medium.jpg,,"Abundant, Nocturnal, Night, Eating, Scavenger, introduced, flatworm, scavenging, OC, Orange, yard, invasive",Two Kontikia ventrolineata scavenging a dead Western Honey Bee alongside a Greenhouse Millipede. In area where I leave dead insects for scavengers. At night.,1,0,False,,"Orange, CA, USA",33.776789548,-117.8134239521,,,,,,,,False,,,,Orange,California,United States,California,Orange,Five-striped Flatworm,Parakontikia ventrolineata,,Animalia,1463107,Animalia,Platyhelminthes,Rhabditophora,,,,,Tricladida,Continenticola,Geoplanoidea,Geoplanidae,Rhynchodeminae,,Caenoplanini,,Parakontikia,,Parakontikia ventrolineata,,,,,eater,,,147652109,obs_89418103_photo_147652109
194599339,716cc088-d82e-44db-8e85-80b2fb6f1dda,2023-12-21 23:38:28,2023-12-21,2023-12-21 23:38:28 UTC,Lisbon,4555475,amanithor,VitordaSilva,2023-12-22 20:00:50 UTC,2023-12-23 12:12:39 UTC,research,CC-BY-NC-ND,https://www.inaturalist.org/observations/194599339,https://inaturalist-open-data.s3.amazonaws.com/photos/342107100/medium.jpeg,,,Preying on a Snail,2,0,False,2.0,"União das freguesias de Gulpilhares e Valadares, 4405, Portugal",41.0777969167,-8.6463985278,,,,,,,,False,gps,gps,,Vila Nova de Gaia,Porto,Portugal,Porto,Vila Nova de Gaia,Obama nungara,Obama nungara,Obama Flatworm,Animalia,531602,Animalia,Platyhelminthes,Rhabditophora,,,,,Tricladida,Continenticola,Geoplanoidea,Geoplanidae,Geoplaninae,,Geoplanini,,Obama,,Obama nungara,,,,,eater,,"No, none of these",342107100,obs_194599339_photo_342107100
250956763,32e6777a-3bae-4225-a3e6-c5186b836590,2024/10/12 12:44 PM,2024-10-12,2024-10-12 16:44:00 UTC,Eastern Time (US & Canada),1835710,cefuchs,Corinne Fuchs,2024-11-08 22:11:30 UTC,2025-04-11 01:31:03 UTC,research,CC-BY-NC-SA,https://www.inaturalist.org/observations/250956763,https://inaturalist-open-data.s3.amazonaws.com/photos/448935283/medium.jpg,,,,1,0,False,,"Monroe County, FL, USA",24.9626708169,-80.5704495612,119.0,,,,119.0,,,False,,,,Monroe,Florida,United States,Florida,Monroe,Tiger Flatworm,Prostheceraeus crozieri,Tiger Flatworm,Animalia,962052,Animalia,Platyhelminthes,Rhabditophora,,,,,Polycladida,Cotylea,,Euryleptidae,,,,,Prostheceraeus,,Prostheceraeus crozieri,,,,,eater,https://www.inaturalist.org/observations/250956760,"No, none of these",448935283,obs_250956763_photo_448935283
673967,19a67241-86ba-4659-8c67-c52207e4ebf1,2014-03-06 09:07:39,2014-03-06,2014-03-06 07:07:39 UTC,Harare,23072,i_c_riddell,,2014-05-12 16:54:09 UTC,2021-12-16 09:29:01 UTC,research,CC-BY,http://www.inaturalist.org/observations/673967,https://inaturalist-open-data.s3.amazonaws.com/photos/848814/medium.jpg,,,,1,0,False,,"Rifa Camp, Hurungwe Safari Area",-16.06462,28.863959,50.0,,,,50.0,,,False,,,,Hurungwe,Mashonaland West,Zimbabwe,Mashonaland West,Hurungwe,Elytraria acaulis,Elytraria acaulis,,Plantae,355845,Plantae,Tracheophyta,Angiospermae,,Magnoliopsida,,,Lamiales,,,Acanthaceae,Nelsonioideae,,,,Elytraria,,Elytraria acaulis,,,,,thing being eaten,https://www.inaturalist.org/observations/103137514,,848814,obs_673967_photo_848814
1560560,4474e0b6-611d-4c3d-8499-c97414c149ab,2015-05-29 09:08:28,2015-05-29,2015-05-29 07:08:28 UTC,Harare,23072,i_c_riddell,,2015-05-29 13:28:05 UTC,2021-04-11 07:08:03 UTC,research,CC-BY,http://www.inaturalist.org/observations/1560560,https://inaturalist-open-data.s3.amazonaws.com/photos/1932050/medium.jpg,,,,1,0,False,,"Mukuvisi Woodland, Harare",-17.845774,31.086749,10.0,,,,10.0,,,False,,,,Harare,Harare,Zimbabwe,Harare,Harare,Jacket Plum,Pappea capensis,Jacket plum,Plantae,428559,Plantae,Tracheophyta,Angiospermae,,Magnoliopsida,,,Sapindales,,,Sapindaceae,,,,,Pappea,,Pappea capensis,,,,,thing being eaten,https://www.inaturalist.org/observations/73591486,,1932050,obs_1560560_photo_1932050
2425738,9a425250-c43e-455e-a3ac-157f87319eab,2013-10-19 08:10:57,2013-10-19,2013-10-19 06:10:57 UTC,Harare,23072,i_c_riddell,,2015-11-25 19:41:17 UTC,2020-12-11 09:27:46 UTC,research,CC-BY,http://www.inaturalist.org/observations/2425738,https://inaturalist-open-data.s3.amazonaws.com/photos/2700767/medium.jpg,,,,2,0,False,,Nyanga,-18.337555,32.545769,47.0,,,,47.0,,,False,,,,Nyanga,Manicaland,Zimbabwe,Manicaland,Nyanga,Drosera madagascariensis,Drosera madagascariensis,Madagascar Sundew,Plantae,123533,Plantae,Tracheophyta,Angiospermae,,Magnoliopsida,,,Caryophyllales,,,Droseraceae,,,,,Drosera,,Drosera madagascariensis,,,,,eater,https://www.inaturalist.org/observations/66412290,,2700767,obs_2425738_photo_2700767
8387435,01549d5d-3bb7-4664-83ff-aa05452524df,2017/10/08 12:57 PM SAST,2017-10-08,2017-10-08 10:57:00 UTC,Pretoria,659922,magdastlucia,,2017-10-13 18:13:28 UTC,2022-08-18 15:19:06 UTC,research,CC-BY-NC,https://www.inaturalist.org/observations/8387435,https://inaturalist-open-data.s3.amazonaws.com/photos/11155664/medium.jpeg,,,"Milkpear  (Inhambanella henriquesii)
See leafminer  https://www.inaturalist.org/observations/131337492",1,0,False,,Mapelane,-28.41,32.4218,31.0,,,,31.0,,open,False,,,,Lower Umfolozi,KwaZulu-Natal,South Africa,KwaZulu-Natal,Umkhanyakude,Milkpear,Inhambanella henriquesii,milkpear,Plantae,340204,Plantae,Tracheophyta,Angiospermae,,Magnoliopsida,,,Ericales,,,Sapotaceae,,,,,Inhambanella,,Inhambanella henriquesii,,,,,thing being eaten,https://www.inaturalist.org/observations/131337492,,11155664,obs_8387435_photo_11155664
10960412,2a4e9444-cde7-4b99-8eb7-848c0e19d0b4,2018/04/15 10:57 AM CAT,2018-04-15,2018-04-15 09:57:00 UTC,West Central Africa,23072,i_c_riddell,,2018-04-15 13:20:37 UTC,2023-07-28 17:36:54 UTC,research,CC-BY,https://www.inaturalist.org/observations/10960412,https://inaturalist-open-data.s3.amazonaws.com/photos/15423069/medium.jpg,,"Zimbabwe, Christon Bank, plants, vegetation, Urticaceae",Rock Tree-nettle,1,0,False,,Christon Bank,-17.614274,31.019054,5.0,,,,5.0,,,False,,,,Mazowe,Mashonaland Central,Zimbabwe,Mashonaland Central,Mazowe,Obetia tenax,Obetia tenax,Rock Tree Nettle,Plantae,503912,Plantae,Tracheophyta,Angiospermae,,Magnoliopsida,,,Rosales,,,Urticaceae,,,Urticeae,,Obetia,,Obetia tenax,,,,,thing being eaten,https://www.inaturalist.org/observations/3013721,,15423069,obs_10960412_photo_15423069
11018383,e1b9d31f-1dc6-428d-9c42-2fe454d70c49,2015-06-28,2015-06-28,,Pretoria,23072,i_c_riddell,,2015-07-03 16:51:36 UTC,2025-02-03 12:59:13 UTC,research,CC-BY,https://www.inaturalist.org/observations/11018383,https://inaturalist-open-data.s3.amazonaws.com/photos/15535878/medium.jpg,,,<h3>Gymnosporia</h3><br>,2,0,False,,Victoria Falls,-17.92,25.86,1100.0,,,,1100.0,,open,False,,,,Livingstone,Southern,Zambia,Southern,Livingstone,confetti spikethorn,Gymnosporia senegalensis,confetti spikethorn,Plantae,340106,Plantae,Tracheophyta,Angiospermae,,Magnoliopsida,,,Celastrales,,,Celastraceae,,,,,Gymnosporia,,Gymnosporia senegalensis,,,,,thing being eaten,https://www.inaturalist.org/observations/11018377,,15535878,obs_11018383_photo_15535878
11236942,a62d3df0-3552-484e-a0dc-a414f296fc51,2017-02-12,2017-02-12,,Pretoria,659922,magdastlucia,,2017-02-14 18:42:50 UTC,2025-04-30 06:57:02 UTC,research,CC-BY-NC,https://www.inaturalist.org/observations/11236942,https://inaturalist-open-data.s3.amazonaws.com/photos/15949804/medium.jpg,,iSimangaliso,<h3>Solanum</h3><br>,1,0,False,,Western Shores,-28.32092,32.36281,1.0,,,,1.0,,open,False,,,,Hlabisa,KwaZulu-Natal,South Africa,KwaZulu-Natal,Umkhanyakude,bitter-apple,Solanum campylacanthum,bitter-apple,Plantae,594568,Plantae,Tracheophyta,Angiospermae,,Magnoliopsida,,,Solanales,,,Solanaceae,Solanoideae,,Solaneae,,Solanum,,Solanum campylacanthum,,,,,organism being eaten,https://www.inaturalist.org/observations/11236972,"No, none of these",15949804,obs_11236942_photo_15949804
256022699,aae8c441-f7b4-4e8c-a924-70d409496ba1,2024/12/22 4:20 PM,2024-12-22,2024-12-23 00:20:00 UTC,Pacific Time (US & Canada),2248610,sandor_in,,2024-12-23 21:41:23 UTC,2025-04-16 11:39:25 UTC,research,CC-BY-NC,https://www.inaturalist.org/observations/256022699,https://inaturalist-open-data.s3.amazonaws.com/photos/458927175/medium.jpeg,,,"I usually don't take many photos of dead things that I find, hoping to find live ones eventually, but I came across 4 or 5 of these earlier on the hike and was beginning to wonder why.
Most were sitting across rocks, all posed as if they had just died on the spot while walking along.

Apparently a fungus that emerges between the segments of a millipede usually 12 to 24 hours after rain.

Observation duplicated for the millipede here: https://www.inaturalist.org/observations/256022698",1,0,False,,"San Mateo County, CA, USA",37.5348035628,-122.4827939226,10.0,,,,10.0,,,False,,,,San Mateo,California,United States,California,San Mateo,Arthrophaga myriapodina,Arthrophaga myriapodina,,Fungi,570425,Fungi,Zygomycota,Entomophthoromycotina,,Entomophthoromycetes,,,Entomophthorales,,,Entomophthoraceae,,,,,Arthrophaga,,Arthrophaga myriapodina,,,,,eater,https://www.inaturalist.org/observations/256022698,Parasitism,458927175,obs_256022699_photo_458927175
258798571,68fce94a-a8a4-49cd-bd79-6272d510538b,2024-11-07 08:50:12-06:00,2024-11-07,2024-11-07 14:50:12 UTC,Mexico City,63834,teamtzibim,TeamTzibim,2025-01-18 03:16:57 UTC,2025-04-24 17:06:34 UTC,research,CC-BY-NC,https://www.inaturalist.org/observations/258798571,https://inaturalist-open-data.s3.amazonaws.com/photos/464418419/medium.jpg,,,,2,0,False,3.0,"Vivero Coyoacán, Coyoacán, CDMX, MX",19.3544833333,-99.17395,4.0,,,,4.0,,,False,,,Zona Metropolitana,Coyoacán,Distrito Federal,Mexico,Distrito Federal,Coyoacán,Entomophthora,Entomophthora,,Fungi,55117,Fungi,Zygomycota,Entomophthoromycotina,,Entomophthoromycetes,,,Entomophthorales,,,Entomophthoraceae,,,,,Entomophthora,,,,,,,eater,https://www.inaturalist.org/observations/258801673,Parasitism,464418419,obs_258798571_photo_464418419
